    Blocking waiting for file lock on package cache
warning: use of deprecated struct `cocoa::foundation::NSSize`: use the objc2-foundation crate instead
 --> .deps/zed/crates/gpui_apple/src/metal_renderer.rs:6:18
  |
6 |     foundation::{NSSize, NSUInteger},
  |                  ^^^^^^
  |
  = note: `#[warn(deprecated)]` on by default

warning: use of deprecated type alias `cocoa::foundation::NSUInteger`: use the objc2-foundation crate instead
 --> .deps/zed/crates/gpui_apple/src/metal_renderer.rs:6:26
  |
6 |     foundation::{NSSize, NSUInteger},
  |                          ^^^^^^^^^^

warning: use of deprecated struct `cocoa::foundation::NSSize`: use the objc2-foundation crate instead
   --> .deps/zed/crates/gpui_apple/src/metal_renderer.rs:385:27
    |
385 |             let ns_size = NSSize {
    |                           ^^^^^^

warning: use of deprecated type alias `cocoa::foundation::NSUInteger`: use the objc2-foundation crate instead
    --> .deps/zed/crates/gpui_apple/src/metal_renderer.rs:1557:41
     |
1557 |                     length: *written as NSUInteger,
     |                                         ^^^^^^^^^^

warning: use of deprecated type alias `cocoa::foundation::NSUInteger`: use the objc2-foundation crate instead
    --> .deps/zed/crates/gpui_apple/src/metal_renderer.rs:1563:39
     |
1563 |                     length: offset as NSUInteger,
     |                                       ^^^^^^^^^^

warning: use of deprecated field `cocoa::foundation::NSSize::width`: use the objc2-foundation crate instead
   --> .deps/zed/crates/gpui_apple/src/metal_renderer.rs:386:17
    |
386 |                 width: size.width.0 as f64,
    |                 ^^^^^^^^^^^^^^^^^^^^^^^^^^

warning: use of deprecated field `cocoa::foundation::NSSize::height`: use the objc2-foundation crate instead
   --> .deps/zed/crates/gpui_apple/src/metal_renderer.rs:387:17
    |
387 |                 height: size.height.0 as f64,
    |                 ^^^^^^^^^^^^^^^^^^^^^^^^^^^^

warning: `gpui_apple` (lib) generated 7 warnings
warning: use of deprecated type alias `cocoa::base::id`: use the objc2 crate instead
  --> .deps/zed/crates/gpui_macos/src/gpui_macos.rs:38:12
   |
38 |     base::{id, nil},
   |            ^^
   |
   = note: `#[warn(deprecated)]` on by default

warning: use of deprecated constant `cocoa::base::nil`: use the objc2 crate instead
  --> .deps/zed/crates/gpui_macos/src/gpui_macos.rs:38:16
   |
38 |     base::{id, nil},
   |                ^^^

warning: use of deprecated trait `cocoa::foundation::NSAutoreleasePool`: use the objc2-foundation crate instead
  --> .deps/zed/crates/gpui_macos/src/gpui_macos.rs:39:18
   |
39 |     foundation::{NSAutoreleasePool, NSNotFound, NSString, NSUInteger},
   |                  ^^^^^^^^^^^^^^^^^

warning: use of deprecated constant `cocoa::foundation::NSNotFound`: use the objc2-foundation crate instead
  --> .deps/zed/crates/gpui_macos/src/gpui_macos.rs:39:37
   |
39 |     foundation::{NSAutoreleasePool, NSNotFound, NSString, NSUInteger},
   |                                     ^^^^^^^^^^

warning: use of deprecated trait `cocoa::foundation::NSString`: use the objc2-foundation crate instead
  --> .deps/zed/crates/gpui_macos/src/gpui_macos.rs:39:49
   |
39 |     foundation::{NSAutoreleasePool, NSNotFound, NSString, NSUInteger},
   |                                                 ^^^^^^^^

warning: use of deprecated type alias `cocoa::foundation::NSUInteger`: use the objc2-foundation crate instead
  --> .deps/zed/crates/gpui_macos/src/gpui_macos.rs:39:59
   |
39 |     foundation::{NSAutoreleasePool, NSNotFound, NSString, NSUInteger},
   |                                                           ^^^^^^^^^^

warning: use of deprecated type alias `cocoa::base::id`: use the objc2 crate instead
  --> .deps/zed/crates/gpui_macos/src/gpui_macos.rs:74:22
   |
74 | impl NSStringExt for id {
   |                      ^^

warning: use of deprecated type alias `cocoa::foundation::NSUInteger`: use the objc2-foundation crate instead
  --> .deps/zed/crates/gpui_macos/src/gpui_macos.rs:90:19
   |
90 |     pub location: NSUInteger,
   |                   ^^^^^^^^^^

warning: use of deprecated type alias `cocoa::foundation::NSUInteger`: use the objc2-foundation crate instead
  --> .deps/zed/crates/gpui_macos/src/gpui_macos.rs:91:17
   |
91 |     pub length: NSUInteger,
   |                 ^^^^^^^^^^

warning: use of deprecated type alias `cocoa::base::id`: use the objc2 crate instead
   --> .deps/zed/crates/gpui_macos/src/gpui_macos.rs:139:38
    |
139 | unsafe fn ns_string(string: &str) -> id {
    |                                      ^^

warning: use of deprecated associated function `cocoa::foundation::NSString::alloc`: use the objc2-foundation crate instead
   --> .deps/zed/crates/gpui_macos/src/gpui_macos.rs:140:24
    |
140 |     unsafe { NSString::alloc(nil).init_str(string).autorelease() }
    |                        ^^^^^

warning: use of deprecated constant `cocoa::base::nil`: use the objc2 crate instead
   --> .deps/zed/crates/gpui_macos/src/gpui_macos.rs:140:30
    |
140 |     unsafe { NSString::alloc(nil).init_str(string).autorelease() }
    |                              ^^^

warning: use of deprecated constant `cocoa::foundation::NSNotFound`: use the objc2-foundation crate instead
  --> .deps/zed/crates/gpui_macos/src/gpui_macos.rs:97:23
   |
97 |             location: NSNotFound as NSUInteger,
   |                       ^^^^^^^^^^

warning: use of deprecated type alias `cocoa::foundation::NSUInteger`: use the objc2-foundation crate instead
  --> .deps/zed/crates/gpui_macos/src/gpui_macos.rs:97:37
   |
97 |             location: NSNotFound as NSUInteger,
   |                                     ^^^^^^^^^^

warning: use of deprecated constant `cocoa::foundation::NSNotFound`: use the objc2-foundation crate instead
   --> .deps/zed/crates/gpui_macos/src/gpui_macos.rs:103:26
    |
103 |         self.location != NSNotFound as NSUInteger
    |                          ^^^^^^^^^^

warning: use of deprecated type alias `cocoa::foundation::NSUInteger`: use the objc2-foundation crate instead
   --> .deps/zed/crates/gpui_macos/src/gpui_macos.rs:103:40
    |
103 |         self.location != NSNotFound as NSUInteger
    |                                        ^^^^^^^^^^

warning: use of deprecated type alias `cocoa::foundation::NSUInteger`: use the objc2-foundation crate instead
   --> .deps/zed/crates/gpui_macos/src/gpui_macos.rs:120:38
    |
120 |             location: range.start as NSUInteger,
    |                                      ^^^^^^^^^^

warning: use of deprecated type alias `cocoa::foundation::NSUInteger`: use the objc2-foundation crate instead
   --> .deps/zed/crates/gpui_macos/src/gpui_macos.rs:121:36
    |
121 |             length: range.len() as NSUInteger,
    |                                    ^^^^^^^^^^

warning: use of deprecated type alias `cocoa::foundation::NSUInteger`: use the objc2-foundation crate instead
   --> .deps/zed/crates/gpui_macos/src/gpui_macos.rs:130:13
    |
130 |             NSUInteger::encode().as_str(),
    |             ^^^^^^^^^^

warning: use of deprecated type alias `cocoa::foundation::NSUInteger`: use the objc2-foundation crate instead
   --> .deps/zed/crates/gpui_macos/src/gpui_macos.rs:131:13
    |
131 |             NSUInteger::encode().as_str()
    |             ^^^^^^^^^^

warning: use of deprecated type alias `cocoa::base::id`: use the objc2 crate instead
 --> .deps/zed/crates/gpui_macos/src/display.rs:5:12
  |
5 |     base::{id, nil},
  |            ^^

warning: use of deprecated constant `cocoa::base::nil`: use the objc2 crate instead
 --> .deps/zed/crates/gpui_macos/src/display.rs:5:16
  |
5 |     base::{id, nil},
  |                ^^^

warning: use of deprecated trait `cocoa::foundation::NSArray`: use the objc2-foundation crate instead
 --> .deps/zed/crates/gpui_macos/src/display.rs:6:18
  |
6 |     foundation::{NSArray, NSDictionary},
  |                  ^^^^^^^

warning: use of deprecated trait `cocoa::foundation::NSDictionary`: use the objc2-foundation crate instead
 --> .deps/zed/crates/gpui_macos/src/display.rs:6:27
  |
6 |     foundation::{NSArray, NSDictionary},
  |                           ^^^^^^^^^^^^

warning: use of deprecated constant `cocoa::base::nil`: use the objc2 crate instead
  --> .deps/zed/crates/gpui_macos/src/display.rs:37:45
   |
37 |             let screens = NSScreen::screens(nil);
   |                                             ^^^

warning: use of deprecated method `cocoa::foundation::NSArray::objectAtIndex`: use the objc2-foundation crate instead
  --> .deps/zed/crates/gpui_macos/src/display.rs:38:54
   |
38 |             let screen = cocoa::foundation::NSArray::objectAtIndex(screens, 0);
   |                                                      ^^^^^^^^^^^^^

warning: use of deprecated type alias `cocoa::base::id`: use the objc2 crate instead
  --> .deps/zed/crates/gpui_macos/src/display.rs:40:36
   |
40 |             let screen_number_key: id = ns_string("NSScreenNumber");
   |                                    ^^

warning: use of deprecated constant `cocoa::base::nil`: use the objc2 crate instead
   --> .deps/zed/crates/gpui_macos/src/display.rs:125:36
    |
125 |             if dominated_screen == nil {
    |                                    ^^^

warning: use of deprecated type alias `cocoa::base::id`: use the objc2 crate instead
   --> .deps/zed/crates/gpui_macos/src/display.rs:153:38
    |
153 |     unsafe fn get_nsscreen(&self) -> id {
    |                                      ^^

warning: use of deprecated constant `cocoa::base::nil`: use the objc2 crate instead
   --> .deps/zed/crates/gpui_macos/src/display.rs:154:50
    |
154 |         let screens = unsafe { NSScreen::screens(nil) };
    |                                                  ^^^

warning: use of deprecated method `cocoa::foundation::NSArray::count`: use the objc2-foundation crate instead
   --> .deps/zed/crates/gpui_macos/src/display.rs:155:39
    |
155 |         let count = unsafe { NSArray::count(screens) };
    |                                       ^^^^^

warning: use of deprecated type alias `cocoa::base::id`: use the objc2 crate instead
   --> .deps/zed/crates/gpui_macos/src/display.rs:156:32
    |
156 |         let screen_number_key: id = unsafe { ns_string("NSScreenNumber") };
    |                                ^^

warning: use of deprecated method `cocoa::foundation::NSArray::objectAtIndex`: use the objc2-foundation crate instead
   --> .deps/zed/crates/gpui_macos/src/display.rs:159:44
    |
159 |             let screen = unsafe { NSArray::objectAtIndex(screens, i) };
    |                                            ^^^^^^^^^^^^^

warning: use of deprecated constant `cocoa::base::nil`: use the objc2 crate instead
   --> .deps/zed/crates/gpui_macos/src/display.rs:167:9
    |
167 |         nil
    |         ^^^

warning: use of deprecated type alias `cocoa::base::id`: use the objc2 crate instead
  --> .deps/zed/crates/gpui_macos/src/events.rs:14:17
   |
14 |     base::{YES, id},
   |                 ^^

warning: use of deprecated type alias `cocoa::base::id`: use the objc2 crate instead
  --> .deps/zed/crates/gpui_macos/src/events.rs:85:40
   |
85 | unsafe fn read_modifiers(native_event: id) -> Modifiers {
   |                                        ^^

warning: use of deprecated type alias `cocoa::base::id`: use the objc2 crate instead
   --> .deps/zed/crates/gpui_macos/src/events.rs:105:19
    |
105 |     native_event: id,
    |                   ^^

warning: use of deprecated type alias `cocoa::base::id`: use the objc2 crate instead
   --> .deps/zed/crates/gpui_macos/src/events.rs:338:41
    |
338 | unsafe fn parse_keystroke(native_event: id) -> Keystroke {
    |                                         ^^

warning: use of deprecated type alias `cocoa::base::id`: use the objc2 crate instead
  --> .deps/zed/crates/gpui_macos/src/pasteboard.rs:10:12
   |
10 |     base::{id, nil},
   |            ^^

warning: use of deprecated constant `cocoa::base::nil`: use the objc2 crate instead
  --> .deps/zed/crates/gpui_macos/src/pasteboard.rs:10:16
   |
10 |     base::{id, nil},
   |                ^^^

warning: use of deprecated trait `cocoa::foundation::NSArray`: use the objc2-foundation crate instead
  --> .deps/zed/crates/gpui_macos/src/pasteboard.rs:11:18
   |
11 |     foundation::{NSArray, NSData, NSFastEnumeration, NSString},
   |                  ^^^^^^^

warning: use of deprecated trait `cocoa::foundation::NSData`: use the objc2-foundation crate instead
  --> .deps/zed/crates/gpui_macos/src/pasteboard.rs:11:27
   |
11 |     foundation::{NSArray, NSData, NSFastEnumeration, NSString},
   |                           ^^^^^^

warning: use of deprecated trait `cocoa::foundation::NSFastEnumeration`: use the objc2-foundation crate instead
  --> .deps/zed/crates/gpui_macos/src/pasteboard.rs:11:35
   |
11 |     foundation::{NSArray, NSData, NSFastEnumeration, NSString},
   |                                   ^^^^^^^^^^^^^^^^^

warning: use of deprecated trait `cocoa::foundation::NSString`: use the objc2-foundation crate instead
  --> .deps/zed/crates/gpui_macos/src/pasteboard.rs:11:54
   |
11 |     foundation::{NSArray, NSData, NSFastEnumeration, NSString},
   |                                                      ^^^^^^^^

warning: use of deprecated type alias `cocoa::base::id`: use the objc2 crate instead
   --> .deps/zed/crates/gpui_macos/src/pasteboard.rs:275:19
    |
275 | pub struct UTType(id);
    |                   ^^

warning: use of deprecated constant `cocoa::base::nil`: use the objc2 crate instead
  --> .deps/zed/crates/gpui_macos/src/pasteboard.rs:30:60
   |
30 |         unsafe { Self::new(NSPasteboard::generalPasteboard(nil)) }
   |                                                            ^^^

warning: use of deprecated constant `cocoa::base::nil`: use the objc2 crate instead
  --> .deps/zed/crates/gpui_macos/src/pasteboard.rs:34:61
   |
34 |         unsafe { Self::new(NSPasteboard::pasteboardWithName(nil, NSPasteboardNameFind)) }
   |                                                             ^^^

warning: use of deprecated type alias `cocoa::base::id`: use the objc2 crate instead
  --> .deps/zed/crates/gpui_macos/src/pasteboard.rs:42:26
   |
42 |     unsafe fn new(inner: id) -> Self {
   |                          ^^

warning: use of deprecated constant `cocoa::base::nil`: use the objc2 crate instead
  --> .deps/zed/crates/gpui_macos/src/pasteboard.rs:56:29
   |
56 |             if filenames != nil && NSArray::count(filenames) > 0 {
   |                             ^^^

warning: use of deprecated method `cocoa::foundation::NSArray::count`: use the objc2-foundation crate instead
  --> .deps/zed/crates/gpui_macos/src/pasteboard.rs:56:45
   |
56 |             if filenames != nil && NSArray::count(filenames) > 0 {
   |                                             ^^^^^

warning: use of deprecated method `cocoa::foundation::NSString::UTF8String`: use the objc2-foundation crate instead
  --> .deps/zed/crates/gpui_macos/src/pasteboard.rs:59:39
   |
59 |                     let f = NSString::UTF8String(file);
   |                                       ^^^^^^^^^^

warning: use of deprecated type alias `cocoa::base::id`: use the objc2 crate instead
  --> .deps/zed/crates/gpui_macos/src/pasteboard.rs:98:24
   |
98 |             let types: id = self.inner.types();
   |                        ^^

warning: use of deprecated type alias `cocoa::base::id`: use the objc2 crate instead
   --> .deps/zed/crates/gpui_macos/src/pasteboard.rs:116:35
    |
116 |             let pasteboard_types: id = self.inner.types();
    |                                   ^^

warning: use of deprecated type alias `cocoa::base::id`: use the objc2 crate instead
   --> .deps/zed/crates/gpui_macos/src/pasteboard.rs:117:30
    |
117 |             let string_type: id = ns_string("public.utf8-plain-text");
    |                              ^^

warning: use of deprecated type alias `cocoa::base::id`: use the objc2 crate instead
   --> .deps/zed/crates/gpui_macos/src/pasteboard.rs:144:42
    |
144 |     unsafe fn data_for_type(&self, kind: id) -> Option<Vec<u8>> {
    |                                          ^^

warning: use of deprecated constant `cocoa::base::nil`: use the objc2 crate instead
   --> .deps/zed/crates/gpui_macos/src/pasteboard.rs:147:24
    |
147 |             if data == nil {
    |                        ^^^

warning: use of deprecated associated function `cocoa::foundation::NSData::dataWithBytes_length_`: use the objc2-foundation crate instead
   --> .deps/zed/crates/gpui_macos/src/pasteboard.rs:208:38
    |
208 |             let text_bytes = NSData::dataWithBytes_length_(
    |                                      ^^^^^^^^^^^^^^^^^^^^^

warning: use of deprecated constant `cocoa::base::nil`: use the objc2 crate instead
   --> .deps/zed/crates/gpui_macos/src/pasteboard.rs:209:17
    |
209 |                 nil,
    |                 ^^^

warning: use of deprecated associated function `cocoa::foundation::NSData::dataWithBytes_length_`: use the objc2-foundation crate instead
   --> .deps/zed/crates/gpui_macos/src/pasteboard.rs:218:42
    |
218 |                 let hash_bytes = NSData::dataWithBytes_length_(
    |                                          ^^^^^^^^^^^^^^^^^^^^^

warning: use of deprecated constant `cocoa::base::nil`: use the objc2 crate instead
   --> .deps/zed/crates/gpui_macos/src/pasteboard.rs:219:21
    |
219 |                     nil,
    |                     ^^^

warning: use of deprecated associated function `cocoa::foundation::NSData::dataWithBytes_length_`: use the objc2-foundation crate instead
   --> .deps/zed/crates/gpui_macos/src/pasteboard.rs:225:46
    |
225 |                 let metadata_bytes = NSData::dataWithBytes_length_(
    |                                              ^^^^^^^^^^^^^^^^^^^^^

warning: use of deprecated constant `cocoa::base::nil`: use the objc2 crate instead
   --> .deps/zed/crates/gpui_macos/src/pasteboard.rs:226:21
    |
226 |                     nil,
    |                     ^^^

warning: use of deprecated associated function `cocoa::foundation::NSData::dataWithBytes_length_`: use the objc2-foundation crate instead
   --> .deps/zed/crates/gpui_macos/src/pasteboard.rs:240:33
    |
240 |             let bytes = NSData::dataWithBytes_length_(
    |                                 ^^^^^^^^^^^^^^^^^^^^^

warning: use of deprecated constant `cocoa::base::nil`: use the objc2 crate instead
   --> .deps/zed/crates/gpui_macos/src/pasteboard.rs:241:17
    |
241 |                 nil,
    |                 ^^^

warning: use of deprecated type alias `cocoa::base::id`: use the objc2 crate instead
   --> .deps/zed/crates/gpui_macos/src/pasteboard.rs:255:38
    |
255 |     pub static NSPasteboardNameFind: id;
    |                                      ^^

warning: use of deprecated type alias `cocoa::base::id`: use the objc2 crate instead
  --> .deps/zed/crates/gpui_macos/src/platform.rs:15:27
   |
15 |     base::{BOOL, NO, YES, id, nil, selector},
   |                           ^^

warning: use of deprecated constant `cocoa::base::nil`: use the objc2 crate instead
  --> .deps/zed/crates/gpui_macos/src/platform.rs:15:31
   |
15 |     base::{BOOL, NO, YES, id, nil, selector},
   |                               ^^^

warning: use of deprecated function `cocoa::base::selector`: use the objc2 crate instead
  --> .deps/zed/crates/gpui_macos/src/platform.rs:15:36
   |
15 |     base::{BOOL, NO, YES, id, nil, selector},
   |                                    ^^^^^^^^

warning: use of deprecated trait `cocoa::foundation::NSArray`: use the objc2-foundation crate instead
  --> .deps/zed/crates/gpui_macos/src/platform.rs:17:9
   |
17 |         NSArray, NSAutoreleasePool, NSBundle, NSInteger, NSProcessInfo, NSString, NSUInteger, NSURL,
   |         ^^^^^^^

warning: use of deprecated trait `cocoa::foundation::NSAutoreleasePool`: use the objc2-foundation crate instead
  --> .deps/zed/crates/gpui_macos/src/platform.rs:17:18
   |
17 |         NSArray, NSAutoreleasePool, NSBundle, NSInteger, NSProcessInfo, NSString, NSUInteger, NSURL,
   |                  ^^^^^^^^^^^^^^^^^

warning: use of deprecated trait `cocoa::foundation::NSBundle`: use the objc2-foundation crate instead
  --> .deps/zed/crates/gpui_macos/src/platform.rs:17:37
   |
17 |         NSArray, NSAutoreleasePool, NSBundle, NSInteger, NSProcessInfo, NSString, NSUInteger, NSURL,
   |                                     ^^^^^^^^

warning: use of deprecated type alias `cocoa::foundation::NSInteger`: use the objc2-foundation crate instead
  --> .deps/zed/crates/gpui_macos/src/platform.rs:17:47
   |
17 |         NSArray, NSAutoreleasePool, NSBundle, NSInteger, NSProcessInfo, NSString, NSUInteger, NSURL,
   |                                               ^^^^^^^^^

warning: use of deprecated trait `cocoa::foundation::NSProcessInfo`: use the objc2-foundation crate instead
  --> .deps/zed/crates/gpui_macos/src/platform.rs:17:58
   |
17 |         NSArray, NSAutoreleasePool, NSBundle, NSInteger, NSProcessInfo, NSString, NSUInteger, NSURL,
   |                                                          ^^^^^^^^^^^^^

warning: use of deprecated trait `cocoa::foundation::NSString`: use the objc2-foundation crate instead
  --> .deps/zed/crates/gpui_macos/src/platform.rs:17:73
   |
17 |         NSArray, NSAutoreleasePool, NSBundle, NSInteger, NSProcessInfo, NSString, NSUInteger, NSURL,
   |                                                                         ^^^^^^^^

warning: use of deprecated type alias `cocoa::foundation::NSUInteger`: use the objc2-foundation crate instead
  --> .deps/zed/crates/gpui_macos/src/platform.rs:17:83
   |
17 |         NSArray, NSAutoreleasePool, NSBundle, NSInteger, NSProcessInfo, NSString, NSUInteger, NSURL,
   |                                                                                   ^^^^^^^^^^

warning: use of deprecated trait `cocoa::foundation::NSURL`: use the objc2-foundation crate instead
  --> .deps/zed/crates/gpui_macos/src/platform.rs:17:95
   |
17 |         NSArray, NSAutoreleasePool, NSBundle, NSInteger, NSProcessInfo, NSString, NSUInteger, NSURL,
   |                                                                                               ^^^^^

warning: use of deprecated type alias `cocoa::foundation::NSUInteger`: use the objc2-foundation crate instead
  --> .deps/zed/crates/gpui_macos/src/platform.rs:66:29
   |
66 | const NSUTF8StringEncoding: NSUInteger = 4;
   |                             ^^^^^^^^^^

warning: use of deprecated type alias `cocoa::base::id`: use the objc2 crate instead
  --> .deps/zed/crates/gpui_macos/src/platform.rs:87:74
   |
87 |                 will_finish_launching as extern "C" fn(&mut Object, Sel, id),
   |                                                                          ^^

warning: use of deprecated type alias `cocoa::base::id`: use the objc2 crate instead
  --> .deps/zed/crates/gpui_macos/src/platform.rs:91:73
   |
91 |                 did_finish_launching as extern "C" fn(&mut Object, Sel, id),
   |                                                                         ^^

warning: use of deprecated type alias `cocoa::base::id`: use the objc2 crate instead
  --> .deps/zed/crates/gpui_macos/src/platform.rs:95:73
   |
95 |                 should_handle_reopen as extern "C" fn(&mut Object, Sel, id, bool),
   |                                                                         ^^

warning: use of deprecated type alias `cocoa::base::id`: use the objc2 crate instead
  --> .deps/zed/crates/gpui_macos/src/platform.rs:99:67
   |
99 |                 will_terminate as extern "C" fn(&mut Object, Sel, id),
   |                                                                   ^^

warning: use of deprecated type alias `cocoa::base::id`: use the objc2 crate instead
   --> .deps/zed/crates/gpui_macos/src/platform.rs:103:69
    |
103 |                 handle_menu_item as extern "C" fn(&mut Object, Sel, id),
    |                                                                     ^^

warning: use of deprecated type alias `cocoa::base::id`: use the objc2 crate instead
   --> .deps/zed/crates/gpui_macos/src/platform.rs:108:69
    |
108 |                 handle_menu_item as extern "C" fn(&mut Object, Sel, id),
    |                                                                     ^^

warning: use of deprecated type alias `cocoa::base::id`: use the objc2 crate instead
   --> .deps/zed/crates/gpui_macos/src/platform.rs:112:69
    |
112 |                 handle_menu_item as extern "C" fn(&mut Object, Sel, id),
    |                                                                     ^^

warning: use of deprecated type alias `cocoa::base::id`: use the objc2 crate instead
   --> .deps/zed/crates/gpui_macos/src/platform.rs:116:69
    |
116 |                 handle_menu_item as extern "C" fn(&mut Object, Sel, id),
    |                                                                     ^^

warning: use of deprecated type alias `cocoa::base::id`: use the objc2 crate instead
   --> .deps/zed/crates/gpui_macos/src/platform.rs:120:69
    |
120 |                 handle_menu_item as extern "C" fn(&mut Object, Sel, id),
    |                                                                     ^^

warning: use of deprecated type alias `cocoa::base::id`: use the objc2 crate instead
   --> .deps/zed/crates/gpui_macos/src/platform.rs:124:69
    |
124 |                 handle_menu_item as extern "C" fn(&mut Object, Sel, id),
    |                                                                     ^^

warning: use of deprecated type alias `cocoa::base::id`: use the objc2 crate instead
   --> .deps/zed/crates/gpui_macos/src/platform.rs:128:69
    |
128 |                 handle_menu_item as extern "C" fn(&mut Object, Sel, id),
    |                                                                     ^^

warning: use of deprecated type alias `cocoa::base::id`: use the objc2 crate instead
   --> .deps/zed/crates/gpui_macos/src/platform.rs:132:71
    |
132 |                 validate_menu_item as extern "C" fn(&mut Object, Sel, id) -> bool,
    |                                                                       ^^

warning: use of deprecated type alias `cocoa::base::id`: use the objc2 crate instead
   --> .deps/zed/crates/gpui_macos/src/platform.rs:136:67
    |
136 |                 menu_will_open as extern "C" fn(&mut Object, Sel, id),
    |                                                                   ^^

warning: use of deprecated type alias `cocoa::base::id`: use the objc2 crate instead
   --> .deps/zed/crates/gpui_macos/src/platform.rs:140:69
    |
140 |                 handle_dock_menu as extern "C" fn(&mut Object, Sel, id) -> id,
    |                                                                     ^^

warning: use of deprecated type alias `cocoa::base::id`: use the objc2 crate instead
   --> .deps/zed/crates/gpui_macos/src/platform.rs:140:76
    |
140 |                 handle_dock_menu as extern "C" fn(&mut Object, Sel, id) -> id,
    |                                                                            ^^

warning: use of deprecated type alias `cocoa::base::id`: use the objc2 crate instead
   --> .deps/zed/crates/gpui_macos/src/platform.rs:144:62
    |
144 |                 open_urls as extern "C" fn(&mut Object, Sel, id, id),
    |                                                              ^^

warning: use of deprecated type alias `cocoa::base::id`: use the objc2 crate instead
   --> .deps/zed/crates/gpui_macos/src/platform.rs:144:66
    |
144 |                 open_urls as extern "C" fn(&mut Object, Sel, id, id),
    |                                                                  ^^

warning: use of deprecated type alias `cocoa::base::id`: use the objc2 crate instead
   --> .deps/zed/crates/gpui_macos/src/platform.rs:149:78
    |
149 |                 on_keyboard_layout_change as extern "C" fn(&mut Object, Sel, id),
    |                                                                              ^^

warning: use of deprecated type alias `cocoa::base::id`: use the objc2 crate instead
   --> .deps/zed/crates/gpui_macos/src/platform.rs:154:76
    |
154 |                 on_thermal_state_change as extern "C" fn(&mut Object, Sel, id),
    |                                                                            ^^

warning: use of deprecated type alias `cocoa::base::id`: use the objc2 crate instead
   --> .deps/zed/crates/gpui_macos/src/platform.rs:159:67
    |
159 |                 on_system_wake as extern "C" fn(&mut Object, Sel, id),
    |                                                                   ^^

warning: use of deprecated type alias `cocoa::base::id`: use the objc2 crate instead
   --> .deps/zed/crates/gpui_macos/src/platform.rs:189:23
    |
189 |     dock_menu: Option<id>,
    |                       ^^

warning: use of deprecated constant `cocoa::base::nil`: use the objc2 crate instead
   --> .deps/zed/crates/gpui_macos/src/platform.rs:537:60
    |
537 |                 let app = NSApplication::sharedApplication(nil);
    |                                                            ^^^

warning: use of deprecated constant `cocoa::base::nil`: use the objc2 crate instead
   --> .deps/zed/crates/gpui_macos/src/platform.rs:538:55
    |
538 |                 let _: () = msg_send![app, terminate: nil];
    |                                                       ^^^

warning: use of deprecated type alias `cocoa::foundation::NSInteger`: use the objc2-foundation crate instead
    --> .deps/zed/crates/gpui_macos/src/platform.rs:1119:39
     |
1119 |         const NSScrollerStyleOverlay: NSInteger = 1;
     |                                       ^^^^^^^^^

warning: use of deprecated type alias `cocoa::base::id`: use the objc2 crate instead
    --> .deps/zed/crates/gpui_macos/src/platform.rs:1253:32
     |
1253 | unsafe fn path_from_objc(path: id) -> PathBuf {
     |                                ^^

warning: use of deprecated type alias `cocoa::base::id`: use the objc2 crate instead
    --> .deps/zed/crates/gpui_macos/src/platform.rs:1268:68
     |
1268 | extern "C" fn will_finish_launching(_this: &mut Object, _: Sel, _: id) {
     |                                                                    ^^

warning: use of deprecated type alias `cocoa::base::id`: use the objc2 crate instead
    --> .deps/zed/crates/gpui_macos/src/platform.rs:1270:28
     |
1270 |         let user_defaults: id = msg_send![class!(NSUserDefaults), standardUserDefaults];
     |                            ^^

warning: use of deprecated type alias `cocoa::base::id`: use the objc2 crate instead
    --> .deps/zed/crates/gpui_macos/src/platform.rs:1277:29
     |
1277 |         let existing_value: id = msg_send![user_defaults, objectForKey: name];
     |                             ^^

warning: use of deprecated constant `cocoa::base::nil`: use the objc2 crate instead
    --> .deps/zed/crates/gpui_macos/src/platform.rs:1278:30
     |
1278 |         if existing_value == nil {
     |                              ^^^

warning: use of deprecated type alias `cocoa::base::id`: use the objc2 crate instead
    --> .deps/zed/crates/gpui_macos/src/platform.rs:1279:30
     |
1279 |             let false_value: id = msg_send![class!(NSNumber), numberWithBool:false];
     |                              ^^

warning: use of deprecated type alias `cocoa::base::id`: use the objc2 crate instead
    --> .deps/zed/crates/gpui_macos/src/platform.rs:1285:66
     |
1285 | extern "C" fn did_finish_launching(this: &mut Object, _: Sel, _: id) {
     |                                                                  ^^

warning: use of deprecated type alias `cocoa::base::id`: use the objc2 crate instead
    --> .deps/zed/crates/gpui_macos/src/platform.rs:1287:18
     |
1287 |         let app: id = msg_send![APP_CLASS, sharedApplication];
     |                  ^^

warning: use of deprecated type alias `cocoa::base::id`: use the objc2 crate instead
    --> .deps/zed/crates/gpui_macos/src/platform.rs:1293:73
     |
1293 |         let _: () = msg_send![notification_center, addObserver: this as id
     |                                                                         ^^

warning: use of deprecated constant `cocoa::base::nil`: use the objc2 crate instead
    --> .deps/zed/crates/gpui_macos/src/platform.rs:1296:21
     |
1296 |             object: nil
     |                     ^^^

warning: use of deprecated type alias `cocoa::base::id`: use the objc2 crate instead
    --> .deps/zed/crates/gpui_macos/src/platform.rs:1300:27
     |
1300 |         let process_info: id = msg_send![class!(NSProcessInfo), processInfo];
     |                           ^^

warning: use of deprecated type alias `cocoa::base::id`: use the objc2 crate instead
    --> .deps/zed/crates/gpui_macos/src/platform.rs:1301:73
     |
1301 |         let _: () = msg_send![notification_center, addObserver: this as id
     |                                                                         ^^

warning: use of deprecated type alias `cocoa::base::id`: use the objc2 crate instead
    --> .deps/zed/crates/gpui_macos/src/platform.rs:1307:47
     |
1307 |         let observer = this as *mut Object as id;
     |                                               ^^

warning: use of deprecated type alias `cocoa::base::id`: use the objc2 crate instead
    --> .deps/zed/crates/gpui_macos/src/platform.rs:1323:51
     |
1323 | unsafe fn register_system_wake_observer(observer: id) {
     |                                                   ^^

warning: use of deprecated type alias `cocoa::base::id`: use the objc2 crate instead
    --> .deps/zed/crates/gpui_macos/src/platform.rs:1326:24
     |
1326 |         let workspace: id = msg_send![class!(NSWorkspace), sharedWorkspace];
     |                        ^^

warning: use of deprecated constant `cocoa::base::nil`: use the objc2 crate instead
    --> .deps/zed/crates/gpui_macos/src/platform.rs:1332:21
     |
1332 |             object: nil
     |                     ^^^

warning: use of deprecated type alias `cocoa::base::id`: use the objc2 crate instead
    --> .deps/zed/crates/gpui_macos/src/platform.rs:1337:66
     |
1337 | extern "C" fn should_handle_reopen(this: &mut Object, _: Sel, _: id, has_open_windows: bool) {
     |                                                                  ^^

warning: use of deprecated type alias `cocoa::base::id`: use the objc2 crate instead
    --> .deps/zed/crates/gpui_macos/src/platform.rs:1349:60
     |
1349 | extern "C" fn will_terminate(this: &mut Object, _: Sel, _: id) {
     |                                                            ^^

warning: use of deprecated type alias `cocoa::base::id`: use the objc2 crate instead
    --> .deps/zed/crates/gpui_macos/src/platform.rs:1359:71
     |
1359 | extern "C" fn on_keyboard_layout_change(this: &mut Object, _: Sel, _: id) {
     |                                                                       ^^

warning: use of deprecated type alias `cocoa::base::id`: use the objc2 crate instead
    --> .deps/zed/crates/gpui_macos/src/platform.rs:1375:69
     |
1375 | extern "C" fn on_thermal_state_change(this: &mut Object, _: Sel, _: id) {
     |                                                                     ^^

warning: use of deprecated type alias `cocoa::base::id`: use the objc2 crate instead
    --> .deps/zed/crates/gpui_macos/src/platform.rs:1400:60
     |
1400 | extern "C" fn on_system_wake(this: &mut Object, _: Sel, _: id) {
     |                                                            ^^

warning: use of deprecated type alias `cocoa::base::id`: use the objc2 crate instead
    --> .deps/zed/crates/gpui_macos/src/platform.rs:1421:55
     |
1421 | extern "C" fn open_urls(this: &mut Object, _: Sel, _: id, urls: id) {
     |                                                       ^^

warning: use of deprecated type alias `cocoa::base::id`: use the objc2 crate instead
    --> .deps/zed/crates/gpui_macos/src/platform.rs:1421:65
     |
1421 | extern "C" fn open_urls(this: &mut Object, _: Sel, _: id, urls: id) {
     |                                                                 ^^

warning: use of deprecated type alias `cocoa::base::id`: use the objc2 crate instead
    --> .deps/zed/crates/gpui_macos/src/platform.rs:1445:65
     |
1445 | extern "C" fn handle_menu_item(this: &mut Object, _: Sel, item: id) {
     |                                                                 ^^

warning: use of deprecated type alias `cocoa::foundation::NSInteger`: use the objc2-foundation crate instead
    --> .deps/zed/crates/gpui_macos/src/platform.rs:1450:22
     |
1450 |             let tag: NSInteger = msg_send![item, tag];
     |                      ^^^^^^^^^

warning: use of deprecated type alias `cocoa::base::id`: use the objc2 crate instead
    --> .deps/zed/crates/gpui_macos/src/platform.rs:1462:67
     |
1462 | extern "C" fn validate_menu_item(this: &mut Object, _: Sel, item: id) -> bool {
     |                                                                   ^^

warning: use of deprecated type alias `cocoa::foundation::NSInteger`: use the objc2-foundation crate instead
    --> .deps/zed/crates/gpui_macos/src/platform.rs:1468:22
     |
1468 |             let tag: NSInteger = msg_send![item, tag];
     |                      ^^^^^^^^^

warning: use of deprecated type alias `cocoa::base::id`: use the objc2 crate instead
    --> .deps/zed/crates/gpui_macos/src/platform.rs:1485:60
     |
1485 | extern "C" fn menu_will_open(this: &mut Object, _: Sel, _: id) {
     |                                                            ^^

warning: use of deprecated type alias `cocoa::base::id`: use the objc2 crate instead
    --> .deps/zed/crates/gpui_macos/src/platform.rs:1497:62
     |
1497 | extern "C" fn handle_dock_menu(this: &mut Object, _: Sel, _: id) -> id {
     |                                                              ^^

warning: use of deprecated type alias `cocoa::base::id`: use the objc2 crate instead
    --> .deps/zed/crates/gpui_macos/src/platform.rs:1497:69
     |
1497 | extern "C" fn handle_dock_menu(this: &mut Object, _: Sel, _: id) -> id {
     |                                                                     ^^

warning: use of deprecated constant `cocoa::base::nil`: use the objc2 crate instead
    --> .deps/zed/crates/gpui_macos/src/platform.rs:1504:13
     |
1504 |             nil
     |             ^^^

warning: use of deprecated type alias `cocoa::base::id`: use the objc2 crate instead
    --> .deps/zed/crates/gpui_macos/src/platform.rs:1509:31
     |
1509 | unsafe fn ns_url_to_path(url: id) -> Result<PathBuf> {
     |                               ^^

warning: use of deprecated type alias `cocoa::base::id`: use the objc2 crate instead
   --> .deps/zed/crates/gpui_macos/src/platform.rs:250:19
    |
250 |         delegate: id,
    |                   ^^

warning: use of deprecated type alias `cocoa::base::id`: use the objc2 crate instead
   --> .deps/zed/crates/gpui_macos/src/platform.rs:253:10
    |
253 |     ) -> id {
    |          ^^

warning: use of deprecated constant `cocoa::base::nil`: use the objc2 crate instead
   --> .deps/zed/crates/gpui_macos/src/platform.rs:255:48
    |
255 |             let application_menu = NSMenu::new(nil).autorelease();
    |                                                ^^^

warning: use of deprecated constant `cocoa::base::nil`: use the objc2 crate instead
   --> .deps/zed/crates/gpui_macos/src/platform.rs:259:40
    |
259 |                 let menu = NSMenu::new(nil).autorelease();
    |                                        ^^^

warning: use of deprecated constant `cocoa::base::nil`: use the objc2 crate instead
   --> .deps/zed/crates/gpui_macos/src/platform.rs:273:49
    |
273 |                 let menu_item = NSMenuItem::new(nil).autorelease();
    |                                                 ^^^

warning: use of deprecated type alias `cocoa::base::id`: use the objc2 crate instead
   --> .deps/zed/crates/gpui_macos/src/platform.rs:279:30
    |
279 |                     let app: id = msg_send![APP_CLASS, sharedApplication];
    |                              ^^

warning: use of deprecated type alias `cocoa::base::id`: use the objc2 crate instead
   --> .deps/zed/crates/gpui_macos/src/platform.rs:291:19
    |
291 |         delegate: id,
    |                   ^^

warning: use of deprecated type alias `cocoa::base::id`: use the objc2 crate instead
   --> .deps/zed/crates/gpui_macos/src/platform.rs:294:10
    |
294 |     ) -> id {
    |          ^^

warning: use of deprecated constant `cocoa::base::nil`: use the objc2 crate instead
   --> .deps/zed/crates/gpui_macos/src/platform.rs:296:41
    |
296 |             let dock_menu = NSMenu::new(nil);
    |                                         ^^^

warning: use of deprecated type alias `cocoa::base::id`: use the objc2 crate instead
   --> .deps/zed/crates/gpui_macos/src/platform.rs:313:19
    |
313 |         delegate: id,
    |                   ^^

warning: use of deprecated type alias `cocoa::base::id`: use the objc2 crate instead
   --> .deps/zed/crates/gpui_macos/src/platform.rs:316:10
    |
316 |     ) -> id {
    |          ^^

warning: use of deprecated constant `cocoa::base::nil`: use the objc2 crate instead
   --> .deps/zed/crates/gpui_macos/src/platform.rs:321:66
    |
321 |                 MenuItem::Separator => NSMenuItem::separatorItem(nil),
    |                                                                  ^^^

warning: use of deprecated function `cocoa::base::selector`: use the objc2 crate instead
   --> .deps/zed/crates/gpui_macos/src/platform.rs:353:54
    |
353 |                         Some(gpui::OsAction::Cut) => selector("cut:"),
    |                                                      ^^^^^^^^

warning: use of deprecated function `cocoa::base::selector`: use the objc2 crate instead
   --> .deps/zed/crates/gpui_macos/src/platform.rs:354:55
    |
354 |                         Some(gpui::OsAction::Copy) => selector("copy:"),
    |                                                       ^^^^^^^^

warning: use of deprecated function `cocoa::base::selector`: use the objc2 crate instead
   --> .deps/zed/crates/gpui_macos/src/platform.rs:355:56
    |
355 |                         Some(gpui::OsAction::Paste) => selector("paste:"),
    |                                                        ^^^^^^^^

warning: use of deprecated function `cocoa::base::selector`: use the objc2 crate instead
   --> .deps/zed/crates/gpui_macos/src/platform.rs:356:60
    |
356 |                         Some(gpui::OsAction::SelectAll) => selector("selectAll:"),
    |                                                            ^^^^^^^^

warning: use of deprecated function `cocoa::base::selector`: use the objc2 crate instead
   --> .deps/zed/crates/gpui_macos/src/platform.rs:359:55
    |
359 |                         Some(gpui::OsAction::Undo) => selector("handleGPUIMenuItem:"),
    |                                                       ^^^^^^^^

warning: use of deprecated function `cocoa::base::selector`: use the objc2 crate instead
   --> .deps/zed/crates/gpui_macos/src/platform.rs:360:55
    |
360 |                         Some(gpui::OsAction::Redo) => selector("handleGPUIMenuItem:"),
    |                                                       ^^^^^^^^

warning: use of deprecated function `cocoa::base::selector`: use the objc2 crate instead
   --> .deps/zed/crates/gpui_macos/src/platform.rs:361:33
    |
361 |                         None => selector("handleGPUIMenuItem:"),
    |                                 ^^^^^^^^

warning: use of deprecated constant `cocoa::base::nil`: use the objc2 crate instead
   --> .deps/zed/crates/gpui_macos/src/platform.rs:392:54
    |
392 | ...                   item = NSMenuItem::alloc(nil)
    |                                                ^^^

warning: use of deprecated constant `cocoa::base::nil`: use the objc2 crate instead
   --> .deps/zed/crates/gpui_macos/src/platform.rs:404:54
    |
404 | ...                   item = NSMenuItem::alloc(nil)
    |                                                ^^^

warning: use of deprecated constant `cocoa::base::nil`: use the objc2 crate instead
   --> .deps/zed/crates/gpui_macos/src/platform.rs:413:50
    |
413 |                         item = NSMenuItem::alloc(nil)
    |                                                  ^^^

warning: use of deprecated type alias `cocoa::foundation::NSInteger`: use the objc2-foundation crate instead
   --> .deps/zed/crates/gpui_macos/src/platform.rs:427:48
    |
427 |                     let tag = actions.len() as NSInteger;
    |                                                ^^^^^^^^^

warning: use of deprecated constant `cocoa::base::nil`: use the objc2 crate instead
   --> .deps/zed/crates/gpui_macos/src/platform.rs:437:48
    |
437 |                     let item = NSMenuItem::new(nil).autorelease();
    |                                                ^^^

warning: use of deprecated constant `cocoa::base::nil`: use the objc2 crate instead
   --> .deps/zed/crates/gpui_macos/src/platform.rs:438:47
    |
438 |                     let submenu = NSMenu::new(nil).autorelease();
    |                                               ^^^

warning: use of deprecated constant `cocoa::base::nil`: use the objc2 crate instead
   --> .deps/zed/crates/gpui_macos/src/platform.rs:449:48
    |
449 |                     let item = NSMenuItem::new(nil).autorelease();
    |                                                ^^^

warning: use of deprecated constant `cocoa::base::nil`: use the objc2 crate instead
   --> .deps/zed/crates/gpui_macos/src/platform.rs:450:47
    |
450 |                     let submenu = NSMenu::new(nil).autorelease();
    |                                               ^^^

warning: use of deprecated type alias `cocoa::base::id`: use the objc2 crate instead
   --> .deps/zed/crates/gpui_macos/src/platform.rs:457:38
    |
457 | ...                   let app: id = msg_send![APP_CLASS, sharedApplication];
    |                                ^^

warning: use of deprecated associated function `cocoa::foundation::NSProcessInfo::processInfo`: use the objc2-foundation crate instead
   --> .deps/zed/crates/gpui_macos/src/platform.rs:470:47
    |
470 |             let process_info = NSProcessInfo::processInfo(nil);
    |                                               ^^^^^^^^^^^

warning: use of deprecated constant `cocoa::base::nil`: use the objc2 crate instead
   --> .deps/zed/crates/gpui_macos/src/platform.rs:470:59
    |
470 |             let process_info = NSProcessInfo::processInfo(nil);
    |                                                           ^^^

warning: use of deprecated type alias `cocoa::base::id`: use the objc2 crate instead
   --> .deps/zed/crates/gpui_macos/src/platform.rs:506:22
    |
506 |             let app: id = msg_send![APP_CLASS, sharedApplication];
    |                      ^^

warning: use of deprecated type alias `cocoa::base::id`: use the objc2 crate instead
   --> .deps/zed/crates/gpui_macos/src/platform.rs:507:31
    |
507 |             let app_delegate: id = msg_send![APP_DELEGATE_CLASS, new];
    |                               ^^

warning: use of deprecated associated function `cocoa::foundation::NSAutoreleasePool::new`: use the objc2-foundation crate instead
   --> .deps/zed/crates/gpui_macos/src/platform.rs:514:43
    |
514 |             let pool = NSAutoreleasePool::new(nil);
    |                                           ^^^

warning: use of deprecated constant `cocoa::base::nil`: use the objc2 crate instead
   --> .deps/zed/crates/gpui_macos/src/platform.rs:514:47
    |
514 |             let pool = NSAutoreleasePool::new(nil);
    |                                               ^^^

warning: use of deprecated constant `cocoa::base::nil`: use the objc2 crate instead
   --> .deps/zed/crates/gpui_macos/src/platform.rs:593:56
    |
593 |             let app = NSApplication::sharedApplication(nil);
    |                                                        ^^^

warning: use of deprecated constant `cocoa::base::nil`: use the objc2 crate instead
   --> .deps/zed/crates/gpui_macos/src/platform.rs:600:56
    |
600 |             let app = NSApplication::sharedApplication(nil);
    |                                                        ^^^

warning: use of deprecated constant `cocoa::base::nil`: use the objc2 crate instead
   --> .deps/zed/crates/gpui_macos/src/platform.rs:601:46
    |
601 |             let _: () = msg_send![app, hide: nil];
    |                                              ^^^

warning: use of deprecated constant `cocoa::base::nil`: use the objc2 crate instead
   --> .deps/zed/crates/gpui_macos/src/platform.rs:607:56
    |
607 |             let app = NSApplication::sharedApplication(nil);
    |                                                        ^^^

warning: use of deprecated constant `cocoa::base::nil`: use the objc2 crate instead
   --> .deps/zed/crates/gpui_macos/src/platform.rs:608:63
    |
608 |             let _: () = msg_send![app, hideOtherApplications: nil];
    |                                                               ^^^

warning: use of deprecated constant `cocoa::base::nil`: use the objc2 crate instead
   --> .deps/zed/crates/gpui_macos/src/platform.rs:614:56
    |
614 |             let app = NSApplication::sharedApplication(nil);
    |                                                        ^^^

warning: use of deprecated constant `cocoa::base::nil`: use the objc2 crate instead
   --> .deps/zed/crates/gpui_macos/src/platform.rs:615:63
    |
615 |             let _: () = msg_send![app, unhideAllApplications: nil];
    |                                                               ^^^

warning: use of deprecated constant `cocoa::base::nil`: use the objc2 crate instead
   --> .deps/zed/crates/gpui_macos/src/platform.rs:686:56
    |
686 |             let app = NSApplication::sharedApplication(nil);
    |                                                        ^^^

warning: use of deprecated type alias `cocoa::base::id`: use the objc2 crate instead
   --> .deps/zed/crates/gpui_macos/src/platform.rs:687:29
    |
687 |             let appearance: id = msg_send![app, effectiveAppearance];
    |                             ^^

warning: use of deprecated type alias `cocoa::base::id`: use the objc2 crate instead
   --> .deps/zed/crates/gpui_macos/src/platform.rs:694:22
    |
694 |             let app: id = msg_send![APP_CLASS, sharedApplication];
    |                      ^^

warning: use of deprecated constant `cocoa::base::nil`: use the objc2 crate instead
   --> .deps/zed/crates/gpui_macos/src/platform.rs:698:25
    |
698 |                 None => nil,
    |                         ^^^

warning: use of deprecated type alias `cocoa::base::id`: use the objc2 crate instead
   --> .deps/zed/crates/gpui_macos/src/platform.rs:700:31
    |
700 |                     let name: id = match appearance {
    |                               ^^

warning: use of deprecated type alias `cocoa::base::id`: use the objc2 crate instead
   --> .deps/zed/crates/gpui_macos/src/platform.rs:697:32
    |
697 |             let ns_appearance: id = match appearance {
    |                                ^^

warning: use of deprecated associated function `cocoa::foundation::NSURL::alloc`: use the objc2-foundation crate instead
   --> .deps/zed/crates/gpui_macos/src/platform.rs:717:33
    |
717 |             let ns_url = NSURL::alloc(nil).initWithString_(ns_string(url));
    |                                 ^^^^^

warning: use of deprecated constant `cocoa::base::nil`: use the objc2 crate instead
   --> .deps/zed/crates/gpui_macos/src/platform.rs:717:39
    |
717 |             let ns_url = NSURL::alloc(nil).initWithString_(ns_string(url));
    |                                       ^^^

warning: use of deprecated type alias `cocoa::base::id`: use the objc2 crate instead
   --> .deps/zed/crates/gpui_macos/src/platform.rs:723:28
    |
723 |             let workspace: id = msg_send![class!(NSWorkspace), sharedWorkspace];
    |                            ^^

warning: use of deprecated type alias `cocoa::base::id`: use the objc2 crate instead
   --> .deps/zed/crates/gpui_macos/src/platform.rs:739:25
    |
739 |             let bundle: id = msg_send![class!(NSBundle), mainBundle];
    |                         ^^

warning: use of deprecated type alias `cocoa::base::id`: use the objc2 crate instead
   --> .deps/zed/crates/gpui_macos/src/platform.rs:740:28
    |
740 |             let bundle_id: id = msg_send![bundle, bundleIdentifier];
    |                            ^^

warning: use of deprecated constant `cocoa::base::nil`: use the objc2 crate instead
   --> .deps/zed/crates/gpui_macos/src/platform.rs:741:29
    |
741 |             if bundle_id == nil {
    |                             ^^^

warning: use of deprecated type alias `cocoa::base::id`: use the objc2 crate instead
   --> .deps/zed/crates/gpui_macos/src/platform.rs:748:28
    |
748 |             let workspace: id = msg_send![class!(NSWorkspace), sharedWorkspace];
    |                            ^^

warning: use of deprecated type alias `cocoa::base::id`: use the objc2 crate instead
   --> .deps/zed/crates/gpui_macos/src/platform.rs:749:25
    |
749 |             let scheme: id = ns_string(scheme);
    |                         ^^

warning: use of deprecated type alias `cocoa::base::id`: use the objc2 crate instead
   --> .deps/zed/crates/gpui_macos/src/platform.rs:750:22
    |
750 |             let app: id = msg_send![workspace, URLForApplicationWithBundleIdentifier: bundle_id];
    |                      ^^

warning: use of deprecated constant `cocoa::base::nil`: use the objc2 crate instead
   --> .deps/zed/crates/gpui_macos/src/platform.rs:751:23
    |
751 |             if app == nil {
    |                       ^^^

warning: use of deprecated type alias `cocoa::base::id`: use the objc2 crate instead
   --> .deps/zed/crates/gpui_macos/src/platform.rs:757:57
    |
757 |             let block = ConcreteBlock::new(move |error: id| {
    |                                                         ^^

warning: use of deprecated constant `cocoa::base::nil`: use the objc2 crate instead
   --> .deps/zed/crates/gpui_macos/src/platform.rs:758:42
    |
758 |                 let result = if error == nil {
    |                                          ^^^

warning: use of deprecated type alias `cocoa::base::id`: use the objc2 crate instead
   --> .deps/zed/crates/gpui_macos/src/platform.rs:761:30
    |
761 |                     let msg: id = msg_send![error, localizedDescription];
    |                              ^^

warning: use of deprecated constant `cocoa::base::nil`: use the objc2 crate instead
   --> .deps/zed/crates/gpui_macos/src/platform.rs:789:56
    |
789 |                     let panel = NSOpenPanel::openPanel(nil);
    |                                                        ^^^

warning: use of deprecated constant `cocoa::base::nil`: use the objc2 crate instead
   --> .deps/zed/crates/gpui_macos/src/platform.rs:842:56
    |
842 |                     let panel = NSSavePanel::savePanel(nil);
    |                                                        ^^^

warning: use of deprecated associated function `cocoa::foundation::NSURL::fileURLWithPath_isDirectory_`: use the objc2-foundation crate instead
   --> .deps/zed/crates/gpui_macos/src/platform.rs:844:38
    |
844 |                     let url = NSURL::fileURLWithPath_isDirectory_(nil, path, true.to_objc());
    |                                      ^^^^^^^^^^^^^^^^^^^^^^^^^^^^

warning: use of deprecated constant `cocoa::base::nil`: use the objc2 crate instead
   --> .deps/zed/crates/gpui_macos/src/platform.rs:844:67
    |
844 |                     let url = NSURL::fileURLWithPath_isDirectory_(nil, path, true.to_objc());
    |                                                                   ^^^

warning: use of deprecated type alias `cocoa::base::id`: use the objc2 crate instead
   --> .deps/zed/crates/gpui_macos/src/platform.rs:916:36
    |
916 |                     let workspace: id = msg_send![class!(NSWorkspace), sharedWorkspace];
    |                                    ^^

warning: use of deprecated type alias `cocoa::base::id`: use the objc2 crate instead
   --> .deps/zed/crates/gpui_macos/src/platform.rs:985:22
    |
985 |             let app: id = msg_send![APP_CLASS, sharedApplication];
    |                      ^^

warning: use of deprecated type alias `cocoa::base::id`: use the objc2 crate instead
   --> .deps/zed/crates/gpui_macos/src/platform.rs:986:27
    |
986 |             let delegate: id = msg_send![app, delegate];
    |                           ^^

warning: use of deprecated constant `cocoa::base::nil`: use the objc2 crate instead
   --> .deps/zed/crates/gpui_macos/src/platform.rs:987:28
    |
987 |             if delegate != nil {
    |                            ^^^

warning: use of deprecated type alias `cocoa::base::id`: use the objc2 crate instead
   --> .deps/zed/crates/gpui_macos/src/platform.rs:996:31
    |
996 |             let process_info: id = msg_send![class!(NSProcessInfo), processInfo];
    |                               ^^

warning: use of deprecated type alias `cocoa::foundation::NSInteger`: use the objc2-foundation crate instead
   --> .deps/zed/crates/gpui_macos/src/platform.rs:997:24
    |
997 |             let state: NSInteger = msg_send![process_info, thermalState];
    |                        ^^^^^^^^^

warning: use of deprecated associated function `cocoa::foundation::NSBundle::mainBundle`: use the objc2-foundation crate instead
    --> .deps/zed/crates/gpui_macos/src/platform.rs:1039:40
     |
1039 |             let bundle: id = NSBundle::mainBundle();
     |                                        ^^^^^^^^^^

warning: use of deprecated type alias `cocoa::base::id`: use the objc2 crate instead
    --> .deps/zed/crates/gpui_macos/src/platform.rs:1039:25
     |
1039 |             let bundle: id = NSBundle::mainBundle();
     |                         ^^

warning: use of deprecated type alias `cocoa::base::id`: use the objc2 crate instead
    --> .deps/zed/crates/gpui_macos/src/platform.rs:1047:22
     |
1047 |             let app: id = msg_send![APP_CLASS, sharedApplication];
     |                      ^^

warning: use of deprecated type alias `cocoa::base::id`: use the objc2 crate instead
    --> .deps/zed/crates/gpui_macos/src/platform.rs:1063:22
     |
1063 |             let app: id = msg_send![APP_CLASS, sharedApplication];
     |                      ^^

warning: use of deprecated type alias `cocoa::base::id`: use the objc2 crate instead
    --> .deps/zed/crates/gpui_macos/src/platform.rs:1076:42
     |
1076 |                 let document_controller: id =
     |                                          ^^

warning: use of deprecated associated function `cocoa::foundation::NSURL::fileURLWithPath_`: use the objc2-foundation crate instead
    --> .deps/zed/crates/gpui_macos/src/platform.rs:1078:38
     |
1078 |                 let url: id = NSURL::fileURLWithPath_(nil, ns_string(path_str));
     |                                      ^^^^^^^^^^^^^^^^

warning: use of deprecated constant `cocoa::base::nil`: use the objc2 crate instead
    --> .deps/zed/crates/gpui_macos/src/platform.rs:1078:55
     |
1078 |                 let url: id = NSURL::fileURLWithPath_(nil, ns_string(path_str));
     |                                                       ^^^

warning: use of deprecated type alias `cocoa::base::id`: use the objc2 crate instead
    --> .deps/zed/crates/gpui_macos/src/platform.rs:1078:26
     |
1078 |                 let url: id = NSURL::fileURLWithPath_(nil, ns_string(path_str));
     |                          ^^

warning: use of deprecated associated function `cocoa::foundation::NSBundle::mainBundle`: use the objc2-foundation crate instead
    --> .deps/zed/crates/gpui_macos/src/platform.rs:1086:40
     |
1086 |             let bundle: id = NSBundle::mainBundle();
     |                                        ^^^^^^^^^^

warning: use of deprecated type alias `cocoa::base::id`: use the objc2 crate instead
    --> .deps/zed/crates/gpui_macos/src/platform.rs:1086:25
     |
1086 |             let bundle: id = NSBundle::mainBundle();
     |                         ^^

warning: use of deprecated type alias `cocoa::base::id`: use the objc2 crate instead
    --> .deps/zed/crates/gpui_macos/src/platform.rs:1089:22
     |
1089 |             let url: id = msg_send![bundle, URLForAuxiliaryExecutable: name];
     |                      ^^

warning: use of deprecated type alias `cocoa::foundation::NSInteger`: use the objc2-foundation crate instead
    --> .deps/zed/crates/gpui_macos/src/platform.rs:1122:24
     |
1122 |             let style: NSInteger = msg_send![class!(NSScroller), preferredScrollerStyle];
     |                        ^^^^^^^^^

warning: use of deprecated type alias `cocoa::base::id`: use the objc2 crate instead
  --> .deps/zed/crates/gpui_macos/src/window.rs:19:12
   |
19 |     base::{id, nil},
   |            ^^

warning: use of deprecated constant `cocoa::base::nil`: use the objc2 crate instead
  --> .deps/zed/crates/gpui_macos/src/window.rs:19:16
   |
19 |     base::{id, nil},
   |                ^^^

warning: use of deprecated trait `cocoa::foundation::NSArray`: use the objc2-foundation crate instead
  --> .deps/zed/crates/gpui_macos/src/window.rs:21:9
   |
21 |         NSArray, NSAutoreleasePool, NSDictionary, NSFastEnumeration, NSInteger, NSNotFound,
   |         ^^^^^^^

warning: use of deprecated trait `cocoa::foundation::NSAutoreleasePool`: use the objc2-foundation crate instead
  --> .deps/zed/crates/gpui_macos/src/window.rs:21:18
   |
21 |         NSArray, NSAutoreleasePool, NSDictionary, NSFastEnumeration, NSInteger, NSNotFound,
   |                  ^^^^^^^^^^^^^^^^^

warning: use of deprecated trait `cocoa::foundation::NSDictionary`: use the objc2-foundation crate instead
  --> .deps/zed/crates/gpui_macos/src/window.rs:21:37
   |
21 |         NSArray, NSAutoreleasePool, NSDictionary, NSFastEnumeration, NSInteger, NSNotFound,
   |                                     ^^^^^^^^^^^^

warning: use of deprecated trait `cocoa::foundation::NSFastEnumeration`: use the objc2-foundation crate instead
  --> .deps/zed/crates/gpui_macos/src/window.rs:21:51
   |
21 |         NSArray, NSAutoreleasePool, NSDictionary, NSFastEnumeration, NSInteger, NSNotFound,
   |                                                   ^^^^^^^^^^^^^^^^^

warning: use of deprecated type alias `cocoa::foundation::NSInteger`: use the objc2-foundation crate instead
  --> .deps/zed/crates/gpui_macos/src/window.rs:21:70
   |
21 |         NSArray, NSAutoreleasePool, NSDictionary, NSFastEnumeration, NSInteger, NSNotFound,
   |                                                                      ^^^^^^^^^

warning: use of deprecated constant `cocoa::foundation::NSNotFound`: use the objc2-foundation crate instead
  --> .deps/zed/crates/gpui_macos/src/window.rs:21:81
   |
21 |         NSArray, NSAutoreleasePool, NSDictionary, NSFastEnumeration, NSInteger, NSNotFound,
   |                                                                                 ^^^^^^^^^^

warning: use of deprecated struct `cocoa::foundation::NSOperatingSystemVersion`: use the objc2-foundation crate instead
  --> .deps/zed/crates/gpui_macos/src/window.rs:22:9
   |
22 |         NSOperatingSystemVersion, NSPoint, NSProcessInfo, NSRect, NSSize, NSString, NSUInteger,
   |         ^^^^^^^^^^^^^^^^^^^^^^^^

warning: use of deprecated struct `cocoa::foundation::NSPoint`: use the objc2-foundation crate instead
  --> .deps/zed/crates/gpui_macos/src/window.rs:22:35
   |
22 |         NSOperatingSystemVersion, NSPoint, NSProcessInfo, NSRect, NSSize, NSString, NSUInteger,
   |                                   ^^^^^^^

warning: use of deprecated trait `cocoa::foundation::NSProcessInfo`: use the objc2-foundation crate instead
  --> .deps/zed/crates/gpui_macos/src/window.rs:22:44
   |
22 |         NSOperatingSystemVersion, NSPoint, NSProcessInfo, NSRect, NSSize, NSString, NSUInteger,
   |                                            ^^^^^^^^^^^^^

warning: use of deprecated struct `cocoa::foundation::NSRect`: use the objc2-foundation crate instead
  --> .deps/zed/crates/gpui_macos/src/window.rs:22:59
   |
22 |         NSOperatingSystemVersion, NSPoint, NSProcessInfo, NSRect, NSSize, NSString, NSUInteger,
   |                                                           ^^^^^^

warning: use of deprecated struct `cocoa::foundation::NSSize`: use the objc2-foundation crate instead
  --> .deps/zed/crates/gpui_macos/src/window.rs:22:67
   |
22 |         NSOperatingSystemVersion, NSPoint, NSProcessInfo, NSRect, NSSize, NSString, NSUInteger,
   |                                                                   ^^^^^^

warning: use of deprecated trait `cocoa::foundation::NSString`: use the objc2-foundation crate instead
  --> .deps/zed/crates/gpui_macos/src/window.rs:22:75
   |
22 |         NSOperatingSystemVersion, NSPoint, NSProcessInfo, NSRect, NSSize, NSString, NSUInteger,
   |                                                                           ^^^^^^^^

warning: use of deprecated type alias `cocoa::foundation::NSUInteger`: use the objc2-foundation crate instead
  --> .deps/zed/crates/gpui_macos/src/window.rs:22:85
   |
22 |         NSOperatingSystemVersion, NSPoint, NSProcessInfo, NSRect, NSSize, NSString, NSUInteger,
   |                                                                                     ^^^^^^^^^^

warning: use of deprecated trait `cocoa::foundation::NSUserDefaults`: use the objc2-foundation crate instead
  --> .deps/zed/crates/gpui_macos/src/window.rs:23:9
   |
23 |         NSUserDefaults,
   |         ^^^^^^^^^^^^^^

warning: use of deprecated type alias `cocoa::foundation::NSInteger`: use the objc2-foundation crate instead
  --> .deps/zed/crates/gpui_macos/src/window.rs:90:28
   |
90 | const NSNormalWindowLevel: NSInteger = 0;
   |                            ^^^^^^^^^

warning: use of deprecated type alias `cocoa::foundation::NSInteger`: use the objc2-foundation crate instead
  --> .deps/zed/crates/gpui_macos/src/window.rs:92:30
   |
92 | const NSFloatingWindowLevel: NSInteger = 3;
   |                              ^^^^^^^^^

warning: use of deprecated type alias `cocoa::foundation::NSInteger`: use the objc2-foundation crate instead
  --> .deps/zed/crates/gpui_macos/src/window.rs:94:27
   |
94 | const NSPopUpWindowLevel: NSInteger = 101;
   |                           ^^^^^^^^^

warning: use of deprecated type alias `cocoa::foundation::NSUInteger`: use the objc2-foundation crate instead
  --> .deps/zed/crates/gpui_macos/src/window.rs:96:40
   |
96 | const NSTrackingMouseEnteredAndExited: NSUInteger = 0x01;
   |                                        ^^^^^^^^^^

warning: use of deprecated type alias `cocoa::foundation::NSUInteger`: use the objc2-foundation crate instead
  --> .deps/zed/crates/gpui_macos/src/window.rs:98:29
   |
98 | const NSTrackingMouseMoved: NSUInteger = 0x02;
   |                             ^^^^^^^^^^

warning: use of deprecated type alias `cocoa::foundation::NSUInteger`: use the objc2-foundation crate instead
   --> .deps/zed/crates/gpui_macos/src/window.rs:100:31
    |
100 | const NSTrackingActiveAlways: NSUInteger = 0x80;
    |                               ^^^^^^^^^^

warning: use of deprecated type alias `cocoa::foundation::NSUInteger`: use the objc2-foundation crate instead
   --> .deps/zed/crates/gpui_macos/src/window.rs:102:32
    |
102 | const NSTrackingInVisibleRect: NSUInteger = 0x200;
    |                                ^^^^^^^^^^

warning: use of deprecated type alias `cocoa::foundation::NSInteger`: use the objc2-foundation crate instead
   --> .deps/zed/crates/gpui_macos/src/window.rs:104:47
    |
104 | const NSWindowAnimationBehaviorUtilityWindow: NSInteger = 4;
    |                                               ^^^^^^^^^

warning: use of deprecated type alias `cocoa::foundation::NSInteger`: use the objc2-foundation crate instead
   --> .deps/zed/crates/gpui_macos/src/window.rs:106:50
    |
106 | const NSViewLayerContentsRedrawDuringViewResize: NSInteger = 2;
    |                                                  ^^^^^^^^^

warning: use of deprecated type alias `cocoa::foundation::NSUInteger`: use the objc2-foundation crate instead
   --> .deps/zed/crates/gpui_macos/src/window.rs:108:24
    |
108 | type NSDragOperation = NSUInteger;
    |                        ^^^^^^^^^^

warning: use of deprecated type alias `cocoa::foundation::NSInteger`: use the objc2-foundation crate instead
   --> .deps/zed/crates/gpui_macos/src/window.rs:115:47
    |
115 | const NSDRAGGING_CONTEXT_OUTSIDE_APPLICATION: NSInteger = 0;
    |                                               ^^^^^^^^^

warning: use of deprecated type alias `cocoa::foundation::NSInteger`: use the objc2-foundation crate instead
   --> .deps/zed/crates/gpui_macos/src/window.rs:116:46
    |
116 | const NSDRAGGING_CONTEXT_WITHIN_APPLICATION: NSInteger = 1;
    |                                              ^^^^^^^^^

warning: use of deprecated type alias `cocoa::base::id`: use the objc2 crate instead
   --> .deps/zed/crates/gpui_macos/src/window.rs:147:70
    |
147 |                 handle_key_equivalent as extern "C" fn(&Object, Sel, id) -> BOOL,
    |                                                                      ^^

warning: use of deprecated type alias `cocoa::base::id`: use the objc2 crate instead
   --> .deps/zed/crates/gpui_macos/src/window.rs:151:64
    |
151 |                 handle_key_down as extern "C" fn(&Object, Sel, id),
    |                                                                ^^

warning: use of deprecated type alias `cocoa::base::id`: use the objc2 crate instead
   --> .deps/zed/crates/gpui_macos/src/window.rs:155:62
    |
155 |                 handle_key_up as extern "C" fn(&Object, Sel, id),
    |                                                              ^^

warning: use of deprecated type alias `cocoa::base::id`: use the objc2 crate instead
   --> .deps/zed/crates/gpui_macos/src/window.rs:159:66
    |
159 |                 handle_view_event as extern "C" fn(&Object, Sel, id),
    |                                                                  ^^

warning: use of deprecated type alias `cocoa::base::id`: use the objc2 crate instead
   --> .deps/zed/crates/gpui_macos/src/window.rs:163:66
    |
163 |                 handle_view_event as extern "C" fn(&Object, Sel, id),
    |                                                                  ^^

warning: use of deprecated type alias `cocoa::base::id`: use the objc2 crate instead
   --> .deps/zed/crates/gpui_macos/src/window.rs:167:66
    |
167 |                 handle_view_event as extern "C" fn(&Object, Sel, id),
    |                                                                  ^^

warning: use of deprecated type alias `cocoa::base::id`: use the objc2 crate instead
   --> .deps/zed/crates/gpui_macos/src/window.rs:171:66
    |
171 |                 handle_view_event as extern "C" fn(&Object, Sel, id),
    |                                                                  ^^

warning: use of deprecated type alias `cocoa::base::id`: use the objc2 crate instead
   --> .deps/zed/crates/gpui_macos/src/window.rs:175:66
    |
175 |                 handle_view_event as extern "C" fn(&Object, Sel, id),
    |                                                                  ^^

warning: use of deprecated type alias `cocoa::base::id`: use the objc2 crate instead
   --> .deps/zed/crates/gpui_macos/src/window.rs:179:66
    |
179 |                 handle_view_event as extern "C" fn(&Object, Sel, id),
    |                                                                  ^^

warning: use of deprecated type alias `cocoa::base::id`: use the objc2 crate instead
   --> .deps/zed/crates/gpui_macos/src/window.rs:183:66
    |
183 |                 handle_view_event as extern "C" fn(&Object, Sel, id),
    |                                                                  ^^

warning: use of deprecated type alias `cocoa::base::id`: use the objc2 crate instead
   --> .deps/zed/crates/gpui_macos/src/window.rs:191:66
    |
191 |                 handle_view_event as extern "C" fn(&Object, Sel, id),
    |                                                                  ^^

warning: use of deprecated type alias `cocoa::base::id`: use the objc2 crate instead
   --> .deps/zed/crates/gpui_macos/src/window.rs:195:66
    |
195 |                 handle_view_event as extern "C" fn(&Object, Sel, id),
    |                                                                  ^^

warning: use of deprecated type alias `cocoa::base::id`: use the objc2 crate instead
   --> .deps/zed/crates/gpui_macos/src/window.rs:199:66
    |
199 |                 handle_view_event as extern "C" fn(&Object, Sel, id),
    |                                                                  ^^

warning: use of deprecated type alias `cocoa::base::id`: use the objc2 crate instead
   --> .deps/zed/crates/gpui_macos/src/window.rs:203:66
    |
203 |                 handle_view_event as extern "C" fn(&Object, Sel, id),
    |                                                                  ^^

warning: use of deprecated type alias `cocoa::base::id`: use the objc2 crate instead
   --> .deps/zed/crates/gpui_macos/src/window.rs:207:66
    |
207 |                 handle_view_event as extern "C" fn(&Object, Sel, id),
    |                                                                  ^^

warning: use of deprecated type alias `cocoa::base::id`: use the objc2 crate instead
   --> .deps/zed/crates/gpui_macos/src/window.rs:211:66
    |
211 |                 handle_view_event as extern "C" fn(&Object, Sel, id),
    |                                                                  ^^

warning: use of deprecated type alias `cocoa::base::id`: use the objc2 crate instead
   --> .deps/zed/crates/gpui_macos/src/window.rs:215:66
    |
215 |                 handle_view_event as extern "C" fn(&Object, Sel, id),
    |                                                                  ^^

warning: use of deprecated type alias `cocoa::base::id`: use the objc2 crate instead
   --> .deps/zed/crates/gpui_macos/src/window.rs:219:66
    |
219 |                 handle_view_event as extern "C" fn(&Object, Sel, id),
    |                                                                  ^^

warning: use of deprecated type alias `cocoa::base::id`: use the objc2 crate instead
   --> .deps/zed/crates/gpui_macos/src/window.rs:223:66
    |
223 |                 handle_view_event as extern "C" fn(&Object, Sel, id),
    |                                                                  ^^

warning: use of deprecated type alias `cocoa::base::id`: use the objc2 crate instead
   --> .deps/zed/crates/gpui_macos/src/window.rs:228:70
    |
228 |                 make_backing_layer as extern "C" fn(&Object, Sel) -> id,
    |                                                                      ^^

warning: use of deprecated struct `cocoa::foundation::NSSize`: use the objc2-foundation crate instead
   --> .deps/zed/crates/gpui_macos/src/window.rs:238:63
    |
238 |                 set_frame_size as extern "C" fn(&Object, Sel, NSSize),
    |                                                               ^^^^^^

warning: use of deprecated type alias `cocoa::base::id`: use the objc2 crate instead
   --> .deps/zed/crates/gpui_macos/src/window.rs:242:62
    |
242 |                 display_layer as extern "C" fn(&Object, Sel, id),
    |                                                              ^^

warning: use of deprecated type alias `cocoa::base::id`: use the objc2 crate instead
   --> .deps/zed/crates/gpui_macos/src/window.rs:248:84
    |
248 |                 valid_attributes_for_marked_text as extern "C" fn(&Object, Sel) -> id,
    |                                                                                    ^^

warning: use of deprecated type alias `cocoa::base::id`: use the objc2 crate instead
   --> .deps/zed/crates/gpui_macos/src/window.rs:265:61
    |
265 |                     as extern "C" fn(&Object, Sel, NSRange, id) -> NSRect,
    |                                                             ^^

warning: use of deprecated struct `cocoa::foundation::NSRect`: use the objc2-foundation crate instead
   --> .deps/zed/crates/gpui_macos/src/window.rs:265:68
    |
265 |                     as extern "C" fn(&Object, Sel, NSRange, id) -> NSRect,
    |                                                                    ^^^^^^

warning: use of deprecated type alias `cocoa::base::id`: use the objc2 crate instead
   --> .deps/zed/crates/gpui_macos/src/window.rs:269:60
    |
269 |                 insert_text as extern "C" fn(&Object, Sel, id, NSRange),
    |                                                            ^^

warning: use of deprecated type alias `cocoa::base::id`: use the objc2 crate instead
   --> .deps/zed/crates/gpui_macos/src/window.rs:273:64
    |
273 |                 set_marked_text as extern "C" fn(&Object, Sel, id, NSRange, NSRange),
    |                                                                ^^

warning: use of deprecated type alias `cocoa::base::id`: use the objc2 crate instead
   --> .deps/zed/crates/gpui_macos/src/window.rs:279:77
    |
279 |                     as extern "C" fn(&Object, Sel, NSRange, *mut c_void) -> id,
    |                                                                             ^^

warning: use of deprecated type alias `cocoa::base::id`: use the objc2 crate instead
   --> .deps/zed/crates/gpui_macos/src/window.rs:294:68
    |
294 |                 accepts_first_mouse as extern "C" fn(&Object, Sel, id) -> BOOL,
    |                                                                    ^^

warning: use of deprecated struct `cocoa::foundation::NSRect`: use the objc2-foundation crate instead
   --> .deps/zed/crates/gpui_macos/src/window.rs:300:55
    |
300 |                     as extern "C" fn(&Object, Sel) -> NSRect,
    |                                                       ^^^^^^

warning: use of deprecated struct `cocoa::foundation::NSPoint`: use the objc2-foundation crate instead
   --> .deps/zed/crates/gpui_macos/src/window.rs:305:74
    |
305 |                 character_index_for_point as extern "C" fn(&Object, Sel, NSPoint) -> u64,
    |                                                                          ^^^^^^^

warning: use of deprecated struct `cocoa::foundation::NSRect`: use the objc2-foundation crate instead
   --> .deps/zed/crates/gpui_macos/src/window.rs:313:77
    |
313 |                 blurred_view_init_with_frame as extern "C" fn(&Object, Sel, NSRect) -> id,
    |                                                                             ^^^^^^

warning: use of deprecated type alias `cocoa::base::id`: use the objc2 crate instead
   --> .deps/zed/crates/gpui_macos/src/window.rs:313:88
    |
313 |                 blurred_view_init_with_frame as extern "C" fn(&Object, Sel, NSRect) -> id,
    |                                                                                        ^^

warning: use of deprecated struct `cocoa::foundation::NSPoint`: use the objc2-foundation crate instead
   --> .deps/zed/crates/gpui_macos/src/window.rs:324:48
    |
324 | pub(crate) fn convert_mouse_position(position: NSPoint, window_height: Pixels) -> Point<Pixels> {
    |                                                ^^^^^^^

warning: use of deprecated constant `cocoa::base::nil`: use the objc2 crate instead
   --> .deps/zed/crates/gpui_macos/src/window.rs:343:52
    |
343 |         let app = NSApplication::sharedApplication(nil);
    |                                                    ^^^

warning: use of deprecated type alias `cocoa::base::id`: use the objc2 crate instead
   --> .deps/zed/crates/gpui_macos/src/window.rs:344:25
    |
344 |         let key_window: id = msg_send![app, keyWindow];
    |                         ^^

warning: use of deprecated type alias `cocoa::base::id`: use the objc2 crate instead
   --> .deps/zed/crates/gpui_macos/src/window.rs:345:26
    |
345 |         let main_window: id = msg_send![app, mainWindow];
    |                          ^^

warning: use of deprecated type alias `cocoa::base::id`: use the objc2 crate instead
   --> .deps/zed/crates/gpui_macos/src/window.rs:386:62
    |
386 |             window_did_resize as extern "C" fn(&Object, Sel, id),
    |                                                              ^^

warning: use of deprecated type alias `cocoa::base::id`: use the objc2 crate instead
   --> .deps/zed/crates/gpui_macos/src/window.rs:390:78
    |
390 |             window_did_change_occlusion_state as extern "C" fn(&Object, Sel, id),
    |                                                                              ^^

warning: use of deprecated type alias `cocoa::base::id`: use the objc2 crate instead
   --> .deps/zed/crates/gpui_macos/src/window.rs:394:73
    |
394 |             window_will_enter_fullscreen as extern "C" fn(&Object, Sel, id),
    |                                                                         ^^

warning: use of deprecated type alias `cocoa::base::id`: use the objc2 crate instead
   --> .deps/zed/crates/gpui_macos/src/window.rs:398:72
    |
398 |             window_will_exit_fullscreen as extern "C" fn(&Object, Sel, id),
    |                                                                        ^^

warning: use of deprecated type alias `cocoa::base::id`: use the objc2 crate instead
   --> .deps/zed/crates/gpui_macos/src/window.rs:402:71
    |
402 |             window_did_exit_fullscreen as extern "C" fn(&Object, Sel, id),
    |                                                                       ^^

warning: use of deprecated type alias `cocoa::base::id`: use the objc2 crate instead
   --> .deps/zed/crates/gpui_macos/src/window.rs:406:60
    |
406 |             window_did_move as extern "C" fn(&Object, Sel, id),
    |                                                            ^^

warning: use of deprecated type alias `cocoa::base::id`: use the objc2 crate instead
   --> .deps/zed/crates/gpui_macos/src/window.rs:410:69
    |
410 |             window_did_change_screen as extern "C" fn(&Object, Sel, id),
    |                                                                     ^^

warning: use of deprecated type alias `cocoa::base::id`: use the objc2 crate instead
   --> .deps/zed/crates/gpui_macos/src/window.rs:414:73
    |
414 |             window_did_change_key_status as extern "C" fn(&Object, Sel, id),
    |                                                                         ^^

warning: use of deprecated type alias `cocoa::base::id`: use the objc2 crate instead
   --> .deps/zed/crates/gpui_macos/src/window.rs:418:73
    |
418 |             window_did_change_key_status as extern "C" fn(&Object, Sel, id),
    |                                                                         ^^

warning: use of deprecated type alias `cocoa::base::id`: use the objc2 crate instead
   --> .deps/zed/crates/gpui_macos/src/window.rs:422:64
    |
422 |             window_should_close as extern "C" fn(&Object, Sel, id) -> BOOL,
    |                                                                ^^

warning: use of deprecated type alias `cocoa::base::id`: use the objc2 crate instead
   --> .deps/zed/crates/gpui_macos/src/window.rs:429:61
    |
429 |             dragging_entered as extern "C" fn(&Object, Sel, id) -> NSDragOperation,
    |                                                             ^^

warning: use of deprecated type alias `cocoa::base::id`: use the objc2 crate instead
   --> .deps/zed/crates/gpui_macos/src/window.rs:433:61
    |
433 |             dragging_updated as extern "C" fn(&Object, Sel, id) -> NSDragOperation,
    |                                                             ^^

warning: use of deprecated type alias `cocoa::base::id`: use the objc2 crate instead
   --> .deps/zed/crates/gpui_macos/src/window.rs:437:60
    |
437 |             dragging_exited as extern "C" fn(&Object, Sel, id),
    |                                                            ^^

warning: use of deprecated type alias `cocoa::base::id`: use the objc2 crate instead
   --> .deps/zed/crates/gpui_macos/src/window.rs:441:67
    |
441 |             perform_drag_operation as extern "C" fn(&Object, Sel, id) -> BOOL,
    |                                                                   ^^

warning: use of deprecated type alias `cocoa::base::id`: use the objc2 crate instead
   --> .deps/zed/crates/gpui_macos/src/window.rs:445:68
    |
445 |             conclude_drag_operation as extern "C" fn(&Object, Sel, id),
    |                                                                    ^^

warning: use of deprecated type alias `cocoa::base::id`: use the objc2 crate instead
   --> .deps/zed/crates/gpui_macos/src/window.rs:452:48
    |
452 |                 as extern "C" fn(&Object, Sel, id, NSInteger) -> NSDragOperation,
    |                                                ^^

warning: use of deprecated type alias `cocoa::foundation::NSInteger`: use the objc2-foundation crate instead
   --> .deps/zed/crates/gpui_macos/src/window.rs:452:52
    |
452 |                 as extern "C" fn(&Object, Sel, id, NSInteger) -> NSDragOperation,
    |                                                    ^^^^^^^^^

warning: use of deprecated type alias `cocoa::base::id`: use the objc2 crate instead
   --> .deps/zed/crates/gpui_macos/src/window.rs:456:67
    |
456 |             dragging_session_ended as extern "C" fn(&Object, Sel, id, NSPoint, NSDragOperation),
    |                                                                   ^^

warning: use of deprecated struct `cocoa::foundation::NSPoint`: use the objc2-foundation crate instead
   --> .deps/zed/crates/gpui_macos/src/window.rs:456:71
    |
456 |             dragging_session_ended as extern "C" fn(&Object, Sel, id, NSPoint, NSDragOperation),
    |                                                                       ^^^^^^^

warning: use of deprecated type alias `cocoa::base::id`: use the objc2 crate instead
   --> .deps/zed/crates/gpui_macos/src/window.rs:461:83
    |
461 |             add_titlebar_accessory_view_controller as extern "C" fn(&Object, Sel, id),
    |                                                                                   ^^

warning: use of deprecated type alias `cocoa::base::id`: use the objc2 crate instead
   --> .deps/zed/crates/gpui_macos/src/window.rs:466:67
    |
466 |             move_tab_to_new_window as extern "C" fn(&Object, Sel, id),
    |                                                                   ^^

warning: use of deprecated type alias `cocoa::base::id`: use the objc2 crate instead
   --> .deps/zed/crates/gpui_macos/src/window.rs:471:62
    |
471 |             merge_all_windows as extern "C" fn(&Object, Sel, id),
    |                                                              ^^

warning: use of deprecated type alias `cocoa::base::id`: use the objc2 crate instead
   --> .deps/zed/crates/gpui_macos/src/window.rs:476:60
    |
476 |             select_next_tab as extern "C" fn(&Object, Sel, id),
    |                                                            ^^

warning: use of deprecated type alias `cocoa::base::id`: use the objc2 crate instead
   --> .deps/zed/crates/gpui_macos/src/window.rs:481:64
    |
481 |             select_previous_tab as extern "C" fn(&Object, Sel, id),
    |                                                                ^^

warning: use of deprecated type alias `cocoa::base::id`: use the objc2 crate instead
   --> .deps/zed/crates/gpui_macos/src/window.rs:486:59
    |
486 |             toggle_tab_bar as extern "C" fn(&Object, Sel, id),
    |                                                           ^^

warning: use of deprecated type alias `cocoa::foundation::NSUInteger`: use the objc2-foundation crate instead
   --> .deps/zed/crates/gpui_macos/src/window.rs:507:51
    |
507 | const NS_APPLICATION_PRESENTATION_AUTO_HIDE_DOCK: NSUInteger = 1 << 0;
    |                                                   ^^^^^^^^^^

warning: use of deprecated type alias `cocoa::foundation::NSUInteger`: use the objc2-foundation crate instead
   --> .deps/zed/crates/gpui_macos/src/window.rs:508:55
    |
508 | const NS_APPLICATION_PRESENTATION_AUTO_HIDE_MENU_BAR: NSUInteger = 1 << 2;
    |                                                       ^^^^^^^^^^

warning: use of deprecated struct `cocoa::foundation::NSRect`: use the objc2-foundation crate instead
   --> .deps/zed/crates/gpui_macos/src/window.rs:513:12
    |
513 |     frame: NSRect,
    |            ^^^^^^

warning: use of deprecated struct `cocoa::foundation::NSRect`: use the objc2-foundation crate instead
   --> .deps/zed/crates/gpui_macos/src/window.rs:519:27
    |
519 |     Enter { screen_frame: NSRect },
    |                           ^^^^^^

warning: use of deprecated type alias `cocoa::foundation::NSUInteger`: use the objc2-foundation crate instead
   --> .deps/zed/crates/gpui_macos/src/window.rs:525:33
    |
525 |     saved_presentation_options: NSUInteger,
    |                                 ^^^^^^^^^^

warning: use of deprecated constant `cocoa::base::nil`: use the objc2 crate instead
   --> .deps/zed/crates/gpui_macos/src/window.rs:535:56
    |
535 |             let app = NSApplication::sharedApplication(nil);
    |                                                        ^^^

warning: use of deprecated type alias `cocoa::foundation::NSUInteger`: use the objc2-foundation crate instead
   --> .deps/zed/crates/gpui_macos/src/window.rs:536:45
    |
536 |             let saved_presentation_options: NSUInteger = msg_send![app, presentationOptions];
    |                                             ^^^^^^^^^^

warning: use of deprecated constant `cocoa::base::nil`: use the objc2 crate instead
   --> .deps/zed/crates/gpui_macos/src/window.rs:556:60
    |
556 |                 let app = NSApplication::sharedApplication(nil);
    |                                                            ^^^

warning: use of deprecated type alias `cocoa::base::id`: use the objc2 crate instead
   --> .deps/zed/crates/gpui_macos/src/window.rs:568:20
    |
568 |     native_window: id,
    |                    ^^

warning: use of deprecated type alias `cocoa::base::id`: use the objc2 crate instead
   --> .deps/zed/crates/gpui_macos/src/window.rs:569:18
    |
569 |     native_view: id,
    |                  ^^

warning: use of deprecated constant `cocoa::base::nil`: use the objc2 crate instead
   --> .deps/zed/crates/gpui_macos/src/window.rs:589:45
    |
589 |         native_window.makeKeyAndOrderFront_(nil);
    |                                             ^^^

warning: use of deprecated type alias `cocoa::base::id`: use the objc2 crate instead
   --> .deps/zed/crates/gpui_macos/src/window.rs:598:20
    |
598 |     native_window: id,
    |                    ^^

warning: use of deprecated type alias `cocoa::base::id`: use the objc2 crate instead
   --> .deps/zed/crates/gpui_macos/src/window.rs:600:26
    |
600 |     blurred_view: Option<id>,
    |                          ^^

warning: use of deprecated type alias `cocoa::base::id`: use the objc2 crate instead
   --> .deps/zed/crates/gpui_macos/src/window.rs:644:26
    |
644 |     sheet_parent: Option<id>,
    |                          ^^

warning: use of deprecated struct `cocoa::foundation::NSRect`: use the objc2-foundation crate instead
   --> .deps/zed/crates/gpui_macos/src/window.rs:795:31
    |
795 |         fn rect_to_size(rect: NSRect) -> Size<Pixels> {
    |                               ^^^^^^

warning: use of deprecated struct `cocoa::foundation::NSSize`: use the objc2-foundation crate instead
   --> .deps/zed/crates/gpui_macos/src/window.rs:796:17
    |
796 |             let NSSize { width, height } = rect.size;
    |                 ^^^^^^

warning: use of deprecated type alias `cocoa::base::id`: use the objc2 crate instead
    --> .deps/zed/crates/gpui_macos/src/window.rs:1652:48
     |
1652 |                 let native_window = context as id;
     |                                                ^^

warning: use of deprecated constant `cocoa::base::nil`: use the objc2 crate instead
    --> .deps/zed/crates/gpui_macos/src/window.rs:1653:70
     |
1653 |                 let _: () = msg_send![native_window, mergeAllWindows:nil];
     |                                                                      ^^^

warning: use of deprecated type alias `cocoa::base::id`: use the objc2 crate instead
    --> .deps/zed/crates/gpui_macos/src/window.rs:1667:48
     |
1667 |                 let native_window = context as id;
     |                                                ^^

warning: use of deprecated constant `cocoa::base::nil`: use the objc2 crate instead
    --> .deps/zed/crates/gpui_macos/src/window.rs:1668:73
     |
1668 |                 let _: () = msg_send![native_window, moveTabToNewWindow:nil];
     |                                                                         ^^^

warning: use of deprecated constant `cocoa::base::nil`: use the objc2 crate instead
    --> .deps/zed/crates/gpui_macos/src/window.rs:1669:76
     |
1669 |                 let _: () = msg_send![native_window, makeKeyAndOrderFront: nil];
     |                                                                            ^^^

warning: use of deprecated type alias `cocoa::base::id`: use the objc2 crate instead
    --> .deps/zed/crates/gpui_macos/src/window.rs:2556:36
     |
2556 | fn get_scale_factor(native_window: id) -> f32 {
     |                                    ^^

warning: use of deprecated type alias `cocoa::base::id`: use the objc2 crate instead
    --> .deps/zed/crates/gpui_macos/src/window.rs:2558:21
     |
2558 |         let screen: id = msg_send![native_window, screen];
     |                     ^^

warning: use of deprecated type alias `cocoa::base::id`: use the objc2 crate instead
    --> .deps/zed/crates/gpui_macos/src/window.rs:2575:34
     |
2575 | unsafe fn is_gpui_window(window: id) -> bool {
     |                                  ^^

warning: use of deprecated type alias `cocoa::base::id`: use the objc2 crate instead
    --> .deps/zed/crates/gpui_macos/src/window.rs:2627:21
     |
2627 |         let cursor: id = match cursor_style {
     |                     ^^

warning: use of deprecated type alias `cocoa::base::id`: use the objc2 crate instead
    --> .deps/zed/crates/gpui_macos/src/window.rs:2663:62
     |
2663 |         let bounds = NSView::bounds(this as *const Object as id);
     |                                                              ^^

warning: use of deprecated type alias `cocoa::base::id`: use the objc2 crate instead
    --> .deps/zed/crates/gpui_macos/src/window.rs:2668:74
     |
2668 | extern "C" fn handle_key_equivalent(this: &Object, _: Sel, native_event: id) -> BOOL {
     |                                                                          ^^

warning: use of deprecated type alias `cocoa::base::id`: use the objc2 crate instead
    --> .deps/zed/crates/gpui_macos/src/window.rs:2672:68
     |
2672 | extern "C" fn handle_key_down(this: &Object, _: Sel, native_event: id) {
     |                                                                    ^^

warning: use of deprecated type alias `cocoa::base::id`: use the objc2 crate instead
    --> .deps/zed/crates/gpui_macos/src/window.rs:2676:66
     |
2676 | extern "C" fn handle_key_up(this: &Object, _: Sel, native_event: id) {
     |                                                                  ^^

warning: use of deprecated type alias `cocoa::base::id`: use the objc2 crate instead
    --> .deps/zed/crates/gpui_macos/src/window.rs:2744:61
     |
2744 | extern "C" fn handle_key_event(this: &Object, native_event: id, key_equivalent: bool) -> BOOL {
     |                                                             ^^

warning: use of deprecated type alias `cocoa::base::id`: use the objc2 crate instead
    --> .deps/zed/crates/gpui_macos/src/window.rs:2830:40
     |
2830 |                     let input_context: id = msg_send![this, inputContext];
     |                                        ^^

warning: use of deprecated type alias `cocoa::base::id`: use the objc2 crate instead
    --> .deps/zed/crates/gpui_macos/src/window.rs:2871:36
     |
2871 |                 let input_context: id = msg_send![this, inputContext];
     |                                    ^^

warning: use of deprecated type alias `cocoa::base::id`: use the objc2 crate instead
    --> .deps/zed/crates/gpui_macos/src/window.rs:2885:70
     |
2885 | extern "C" fn handle_view_event(this: &Object, _: Sel, native_event: id) {
     |                                                                      ^^

warning: use of deprecated type alias `cocoa::base::id`: use the objc2 crate instead
    --> .deps/zed/crates/gpui_macos/src/window.rs:2982:40
     |
2982 |                     let input_context: id = msg_send![this, inputContext];
     |                                        ^^

warning: use of deprecated type alias `cocoa::base::id`: use the objc2 crate instead
    --> .deps/zed/crates/gpui_macos/src/window.rs:3043:75
     |
3043 | extern "C" fn window_did_change_occlusion_state(this: &Object, _: Sel, _: id) {
     |                                                                           ^^

warning: use of deprecated type alias `cocoa::base::id`: use the objc2 crate instead
    --> .deps/zed/crates/gpui_macos/src/window.rs:3060:59
     |
3060 | extern "C" fn window_did_resize(this: &Object, _: Sel, _: id) {
     |                                                           ^^

warning: use of deprecated type alias `cocoa::base::id`: use the objc2 crate instead
    --> .deps/zed/crates/gpui_macos/src/window.rs:3065:70
     |
3065 | extern "C" fn window_will_enter_fullscreen(this: &Object, _: Sel, _: id) {
     |                                                                      ^^

warning: use of deprecated struct `cocoa::foundation::NSOperatingSystemVersion`: use the objc2-foundation crate instead
    --> .deps/zed/crates/gpui_macos/src/window.rs:3071:23
     |
3071 |     let min_version = NSOperatingSystemVersion::new(15, 3, 0);
     |                       ^^^^^^^^^^^^^^^^^^^^^^^^

warning: use of deprecated type alias `cocoa::base::id`: use the objc2 crate instead
    --> .deps/zed/crates/gpui_macos/src/window.rs:3080:69
     |
3080 | extern "C" fn window_will_exit_fullscreen(this: &Object, _: Sel, _: id) {
     |                                                                     ^^

warning: use of deprecated struct `cocoa::foundation::NSOperatingSystemVersion`: use the objc2-foundation crate instead
    --> .deps/zed/crates/gpui_macos/src/window.rs:3084:23
     |
3084 |     let min_version = NSOperatingSystemVersion::new(15, 3, 0);
     |                       ^^^^^^^^^^^^^^^^^^^^^^^^

warning: use of deprecated type alias `cocoa::base::id`: use the objc2 crate instead
    --> .deps/zed/crates/gpui_macos/src/window.rs:3093:68
     |
3093 | extern "C" fn window_did_exit_fullscreen(this: &Object, _: Sel, _: id) {
     |                                                                    ^^

warning: use of deprecated struct `cocoa::foundation::NSOperatingSystemVersion`: use the objc2-foundation crate instead
    --> .deps/zed/crates/gpui_macos/src/window.rs:3100:50
     |
3100 | pub(crate) fn is_macos_version_at_least(version: NSOperatingSystemVersion) -> bool {
     |                                                  ^^^^^^^^^^^^^^^^^^^^^^^^

warning: use of deprecated associated function `cocoa::foundation::NSProcessInfo::processInfo`: use the objc2-foundation crate instead
    --> .deps/zed/crates/gpui_macos/src/window.rs:3101:29
     |
3101 |     unsafe { NSProcessInfo::processInfo(nil).isOperatingSystemAtLeastVersion(version) }
     |                             ^^^^^^^^^^^

warning: use of deprecated constant `cocoa::base::nil`: use the objc2 crate instead
    --> .deps/zed/crates/gpui_macos/src/window.rs:3101:41
     |
3101 |     unsafe { NSProcessInfo::processInfo(nil).isOperatingSystemAtLeastVersion(version) }
     |                                         ^^^

warning: use of deprecated type alias `cocoa::base::id`: use the objc2 crate instead
    --> .deps/zed/crates/gpui_macos/src/window.rs:3104:57
     |
3104 | extern "C" fn window_did_move(this: &Object, _: Sel, _: id) {
     |                                                         ^^

warning: use of deprecated type alias `cocoa::base::id`: use the objc2 crate instead
    --> .deps/zed/crates/gpui_macos/src/window.rs:3140:66
     |
3140 | extern "C" fn window_did_change_screen(this: &Object, _: Sel, _: id) {
     |                                                                  ^^

warning: use of deprecated type alias `cocoa::base::id`: use the objc2 crate instead
    --> .deps/zed/crates/gpui_macos/src/window.rs:3148:77
     |
3148 | extern "C" fn window_did_change_key_status(this: &Object, selector: Sel, _: id) {
     |                                                                             ^^

warning: use of deprecated type alias `cocoa::base::id`: use the objc2 crate instead
    --> .deps/zed/crates/gpui_macos/src/window.rs:3234:61
     |
3234 | extern "C" fn window_should_close(this: &Object, _: Sel, _: id) -> BOOL {
     |                                                             ^^

warning: use of deprecated type alias `cocoa::base::id`: use the objc2 crate instead
    --> .deps/zed/crates/gpui_macos/src/window.rs:3271:60
     |
3271 | extern "C" fn make_backing_layer(this: &Object, _: Sel) -> id {
     |                                                            ^^

warning: use of deprecated type alias `cocoa::base::id`: use the objc2 crate instead
    --> .deps/zed/crates/gpui_macos/src/window.rs:3274:42
     |
3274 |     window_state.renderer.layer_ptr() as id
     |                                          ^^

warning: use of deprecated struct `cocoa::foundation::NSSize`: use the objc2-foundation crate instead
    --> .deps/zed/crates/gpui_macos/src/window.rs:3282:59
     |
3282 | extern "C" fn set_frame_size(this: &Object, _: Sel, size: NSSize) {
     |                                                           ^^^^^^

warning: use of deprecated struct `cocoa::foundation::NSRect`: use the objc2-foundation crate instead
    --> .deps/zed/crates/gpui_macos/src/window.rs:3295:24
     |
3295 |         let old_frame: NSRect = msg_send![this, frame];
     |                        ^^^^^^

warning: use of deprecated struct `cocoa::foundation::NSSize`: use the objc2-foundation crate instead
    --> .deps/zed/crates/gpui_macos/src/window.rs:3283:23
     |
3283 |     fn convert(value: NSSize) -> Size<Pixels> {
     |                       ^^^^^^

warning: use of deprecated type alias `cocoa::base::id`: use the objc2 crate instead
    --> .deps/zed/crates/gpui_macos/src/window.rs:3320:55
     |
3320 | extern "C" fn display_layer(this: &Object, _: Sel, _: id) {
     |                                                       ^^

warning: use of deprecated type alias `cocoa::base::id`: use the objc2 crate instead
    --> .deps/zed/crates/gpui_macos/src/window.rs:3341:24
     |
3341 |     let view = view as id;
     |                        ^^

warning: use of deprecated type alias `cocoa::base::id`: use the objc2 crate instead
    --> .deps/zed/crates/gpui_macos/src/window.rs:3357:71
     |
3357 | extern "C" fn valid_attributes_for_marked_text(_: &Object, _: Sel) -> id {
     |                                                                       ^^

warning: use of deprecated type alias `cocoa::base::id`: use the objc2 crate instead
    --> .deps/zed/crates/gpui_macos/src/window.rs:3388:8
     |
3388 |     _: id,
     |        ^^

warning: use of deprecated struct `cocoa::foundation::NSRect`: use the objc2-foundation crate instead
    --> .deps/zed/crates/gpui_macos/src/window.rs:3389:6
     |
3389 | ) -> NSRect {
     |      ^^^^^^

warning: use of deprecated struct `cocoa::foundation::NSRect`: use the objc2-foundation crate instead
    --> .deps/zed/crates/gpui_macos/src/window.rs:3396:9
     |
3396 |         NSRect::new(NSPoint::new(0., 0.), NSSize::new(0., 0.)),
     |         ^^^^^^

warning: use of deprecated struct `cocoa::foundation::NSPoint`: use the objc2-foundation crate instead
    --> .deps/zed/crates/gpui_macos/src/window.rs:3396:21
     |
3396 |         NSRect::new(NSPoint::new(0., 0.), NSSize::new(0., 0.)),
     |                     ^^^^^^^

warning: use of deprecated struct `cocoa::foundation::NSSize`: use the objc2-foundation crate instead
    --> .deps/zed/crates/gpui_macos/src/window.rs:3396:43
     |
3396 |         NSRect::new(NSPoint::new(0., 0.), NSSize::new(0., 0.)),
     |                                           ^^^^^^

warning: use of deprecated struct `cocoa::foundation::NSRect`: use the objc2-foundation crate instead
    --> .deps/zed/crates/gpui_macos/src/window.rs:3398:13
     |
3398 |             NSRect::new(
     |             ^^^^^^

warning: use of deprecated struct `cocoa::foundation::NSPoint`: use the objc2-foundation crate instead
    --> .deps/zed/crates/gpui_macos/src/window.rs:3399:17
     |
3399 |                 NSPoint::new(
     |                 ^^^^^^^

warning: use of deprecated struct `cocoa::foundation::NSSize`: use the objc2-foundation crate instead
    --> .deps/zed/crates/gpui_macos/src/window.rs:3405:17
     |
3405 |                 NSSize::new(
     |                 ^^^^^^

warning: use of deprecated struct `cocoa::foundation::NSRect`: use the objc2-foundation crate instead
    --> .deps/zed/crates/gpui_macos/src/window.rs:3414:32
     |
3414 | fn get_frame(this: &Object) -> NSRect {
     |                                ^^^^^^

warning: use of deprecated type alias `cocoa::base::id`: use the objc2 crate instead
    --> .deps/zed/crates/gpui_macos/src/window.rs:3428:56
     |
3428 | extern "C" fn insert_text(this: &Object, _: Sel, text: id, replacement_range: NSRange) {
     |                                                        ^^

warning: use of deprecated type alias `cocoa::base::id`: use the objc2 crate instead
    --> .deps/zed/crates/gpui_macos/src/window.rs:3432:19
     |
3432 |         let text: id = if is_attributed_string == YES {
     |                   ^^

warning: use of deprecated type alias `cocoa::base::id`: use the objc2 crate instead
    --> .deps/zed/crates/gpui_macos/src/window.rs:3449:11
     |
3449 |     text: id,
     |           ^^

warning: use of deprecated type alias `cocoa::base::id`: use the objc2 crate instead
    --> .deps/zed/crates/gpui_macos/src/window.rs:3456:19
     |
3456 |         let text: id = if is_attributed_string == YES {
     |                   ^^

warning: use of deprecated type alias `cocoa::base::id`: use the objc2 crate instead
    --> .deps/zed/crates/gpui_macos/src/window.rs:3478:6
     |
3478 | ) -> id {
     |      ^^

warning: use of deprecated type alias `cocoa::base::id`: use the objc2 crate instead
    --> .deps/zed/crates/gpui_macos/src/window.rs:3493:25
     |
3493 |             let string: id = msg_send![class!(NSAttributedString), alloc];
     |                         ^^

warning: use of deprecated type alias `cocoa::base::id`: use the objc2 crate instead
    --> .deps/zed/crates/gpui_macos/src/window.rs:3494:25
     |
3494 |             let string: id = msg_send![string, initWithString: ns_string(&selected_text)];
     |                         ^^

warning: use of deprecated constant `cocoa::base::nil`: use the objc2 crate instead
    --> .deps/zed/crates/gpui_macos/src/window.rs:3499:16
     |
3499 |     .unwrap_or(nil)
     |                ^^^

warning: use of deprecated type alias `cocoa::base::id`: use the objc2 crate instead
    --> .deps/zed/crates/gpui_macos/src/window.rs:3542:61
     |
3542 | extern "C" fn accepts_first_mouse(this: &Object, _: Sel, _: id) -> BOOL {
     |                                                             ^^

warning: use of deprecated struct `cocoa::foundation::NSRect`: use the objc2-foundation crate instead
    --> .deps/zed/crates/gpui_macos/src/window.rs:3557:86
     |
3557 | extern "C" fn opaque_rect_for_window_move_when_in_titlebar(this: &Object, _: Sel) -> NSRect {
     |                                                                                      ^^^^^^

warning: use of deprecated struct `cocoa::foundation::NSRect`: use the objc2-foundation crate instead
    --> .deps/zed/crates/gpui_macos/src/window.rs:3558:21
     |
3558 |     let zero_rect = NSRect::new(NSPoint::new(0., 0.), NSSize::new(0., 0.));
     |                     ^^^^^^

warning: use of deprecated struct `cocoa::foundation::NSPoint`: use the objc2-foundation crate instead
    --> .deps/zed/crates/gpui_macos/src/window.rs:3558:33
     |
3558 |     let zero_rect = NSRect::new(NSPoint::new(0., 0.), NSSize::new(0., 0.));
     |                                 ^^^^^^^

warning: use of deprecated struct `cocoa::foundation::NSSize`: use the objc2-foundation crate instead
    --> .deps/zed/crates/gpui_macos/src/window.rs:3558:55
     |
3558 |     let zero_rect = NSRect::new(NSPoint::new(0., 0.), NSSize::new(0., 0.));
     |                                                       ^^^^^^

warning: use of deprecated struct `cocoa::foundation::NSPoint`: use the objc2-foundation crate instead
    --> .deps/zed/crates/gpui_macos/src/window.rs:3568:74
     |
3568 | extern "C" fn character_index_for_point(this: &Object, _: Sel, position: NSPoint) -> u64 {
     |                                                                          ^^^^^^^

warning: use of deprecated constant `cocoa::foundation::NSNotFound`: use the objc2-foundation crate instead
    --> .deps/zed/crates/gpui_macos/src/window.rs:3575:16
     |
3575 |     .unwrap_or(NSNotFound as u64)
     |                ^^^^^^^^^^

warning: use of deprecated struct `cocoa::foundation::NSPoint`: use the objc2-foundation crate instead
    --> .deps/zed/crates/gpui_macos/src/window.rs:3578:56
     |
3578 | fn screen_point_to_gpui_point(this: &Object, position: NSPoint) -> Point<Pixels> {
     |                                                        ^^^^^^^

warning: use of deprecated type alias `cocoa::base::id`: use the objc2 crate instead
    --> .deps/zed/crates/gpui_macos/src/window.rs:3586:59
     |
3586 | fn is_drag_from_this_window(this: &Object, dragging_info: id) -> bool {
     |                                                           ^^

warning: use of deprecated type alias `cocoa::base::id`: use the objc2 crate instead
    --> .deps/zed/crates/gpui_macos/src/window.rs:3587:17
     |
3587 |     let source: id = unsafe { msg_send![dragging_info, draggingSource] };
     |                 ^^

warning: use of deprecated type alias `cocoa::base::id`: use the objc2 crate instead
    --> .deps/zed/crates/gpui_macos/src/window.rs:3591:70
     |
3591 | extern "C" fn dragging_entered(this: &Object, _: Sel, dragging_info: id) -> NSDragOperation {
     |                                                                      ^^

warning: use of deprecated type alias `cocoa::base::id`: use the objc2 crate instead
    --> .deps/zed/crates/gpui_macos/src/window.rs:3607:70
     |
3607 | extern "C" fn dragging_updated(this: &Object, _: Sel, dragging_info: id) -> NSDragOperation {
     |                                                                      ^^

warning: use of deprecated type alias `cocoa::base::id`: use the objc2 crate instead
    --> .deps/zed/crates/gpui_macos/src/window.rs:3622:57
     |
3622 | extern "C" fn dragging_exited(this: &Object, _: Sel, _: id) {
     |                                                         ^^

warning: use of deprecated type alias `cocoa::base::id`: use the objc2 crate instead
    --> .deps/zed/crates/gpui_macos/src/window.rs:3627:76
     |
3627 | extern "C" fn perform_drag_operation(this: &Object, _: Sel, dragging_info: id) -> BOOL {
     |                                                                            ^^

warning: use of deprecated type alias `cocoa::base::id`: use the objc2 crate instead
    --> .deps/zed/crates/gpui_macos/src/window.rs:3635:21
     |
3635 |     let pasteboard: id = unsafe { msg_send![dragging_info, draggingPasteboard] };
     |                     ^^

warning: use of deprecated constant `cocoa::base::nil`: use the objc2 crate instead
    --> .deps/zed/crates/gpui_macos/src/window.rs:3637:21
     |
3637 |     if filenames == nil {
     |                     ^^^

warning: use of deprecated method `cocoa::foundation::NSString::UTF8String`: use the objc2-foundation crate instead
    --> .deps/zed/crates/gpui_macos/src/window.rs:3642:31
     |
3642 |             let f = NSString::UTF8String(file);
     |                               ^^^^^^^^^^

warning: use of deprecated type alias `cocoa::base::id`: use the objc2 crate instead
    --> .deps/zed/crates/gpui_macos/src/window.rs:3650:65
     |
3650 | extern "C" fn conclude_drag_operation(this: &Object, _: Sel, _: id) {
     |                                                                 ^^

warning: use of deprecated type alias `cocoa::base::id`: use the objc2 crate instead
    --> .deps/zed/crates/gpui_macos/src/window.rs:3658:8
     |
3658 |     _: id,
     |        ^^

warning: use of deprecated type alias `cocoa::foundation::NSInteger`: use the objc2-foundation crate instead
    --> .deps/zed/crates/gpui_macos/src/window.rs:3659:14
     |
3659 |     context: NSInteger,
     |              ^^^^^^^^^

warning: use of deprecated type alias `cocoa::base::id`: use the objc2 crate instead
    --> .deps/zed/crates/gpui_macos/src/window.rs:3677:8
     |
3677 |     _: id,
     |        ^^

warning: use of deprecated struct `cocoa::foundation::NSPoint`: use the objc2-foundation crate instead
    --> .deps/zed/crates/gpui_macos/src/window.rs:3678:8
     |
3678 |     _: NSPoint,
     |        ^^^^^^^

warning: use of deprecated type alias `cocoa::base::id`: use the objc2 crate instead
    --> .deps/zed/crates/gpui_macos/src/window.rs:3743:77
     |
3743 | fn drag_event_position(window_state: &Mutex<MacWindowState>, dragging_info: id) -> Point<Pixels> {
     |                                                                             ^^

warning: use of deprecated struct `cocoa::foundation::NSPoint`: use the objc2-foundation crate instead
    --> .deps/zed/crates/gpui_macos/src/window.rs:3744:24
     |
3744 |     let drag_location: NSPoint = unsafe { msg_send![dragging_info, draggingLocation] };
     |                        ^^^^^^^

warning: use of deprecated type alias `cocoa::base::id`: use the objc2 crate instead
    --> .deps/zed/crates/gpui_macos/src/window.rs:3764:34
     |
3764 | fn display_id_for_screen(screen: id) -> Option<CGDirectDisplayID> {
     |                                  ^^

warning: use of deprecated type alias `cocoa::base::id`: use the objc2 crate instead
    --> .deps/zed/crates/gpui_macos/src/window.rs:3771:32
     |
3771 |         let screen_number_key: id = ns_string("NSScreenNumber");
     |                                ^^

warning: use of deprecated type alias `cocoa::foundation::NSUInteger`: use the objc2-foundation crate instead
    --> .deps/zed/crates/gpui_macos/src/window.rs:3773:28
     |
3773 |         let screen_number: NSUInteger = msg_send![screen_number, unsignedIntegerValue];
     |                            ^^^^^^^^^^

warning: use of deprecated struct `cocoa::foundation::NSRect`: use the objc2-foundation crate instead
    --> .deps/zed/crates/gpui_macos/src/window.rs:3778:74
     |
3778 | extern "C" fn blurred_view_init_with_frame(this: &Object, _: Sel, frame: NSRect) -> id {
     |                                                                          ^^^^^^

warning: use of deprecated type alias `cocoa::base::id`: use the objc2 crate instead
    --> .deps/zed/crates/gpui_macos/src/window.rs:3778:85
     |
3778 | extern "C" fn blurred_view_init_with_frame(this: &Object, _: Sel, frame: NSRect) -> id {
     |                                                                                     ^^

warning: use of deprecated type alias `cocoa::base::id`: use the objc2 crate instead
    --> .deps/zed/crates/gpui_macos/src/window.rs:3792:20
     |
3792 |         let layer: id = msg_send![this, layer];
     |                    ^^

warning: use of deprecated type alias `cocoa::base::id`: use the objc2 crate instead
    --> .deps/zed/crates/gpui_macos/src/window.rs:3799:42
     |
3799 | unsafe fn remove_layer_background(layer: id) {
     |                                          ^^

warning: use of deprecated constant `cocoa::base::nil`: use the objc2 crate instead
    --> .deps/zed/crates/gpui_macos/src/window.rs:3801:57
     |
3801 |         let _: () = msg_send![layer, setBackgroundColor:nil];
     |                                                         ^^^

warning: use of deprecated type alias `cocoa::base::id`: use the objc2 crate instead
    --> .deps/zed/crates/gpui_macos/src/window.rs:3803:25
     |
3803 |         let class_name: id = msg_send![layer, className];
     |                         ^^

warning: use of deprecated type alias `cocoa::base::id`: use the objc2 crate instead
    --> .deps/zed/crates/gpui_macos/src/window.rs:3810:22
     |
3810 |         let filters: id = msg_send![layer, filters];
     |                      ^^

warning: use of deprecated type alias `cocoa::base::id`: use the objc2 crate instead
    --> .deps/zed/crates/gpui_macos/src/window.rs:3817:30
     |
3817 |             let test_string: id = ns_string("Saturat");
     |                              ^^

warning: use of deprecated method `cocoa::foundation::NSArray::count`: use the objc2-foundation crate instead
    --> .deps/zed/crates/gpui_macos/src/window.rs:3818:34
     |
3818 |             let count = NSArray::count(filters);
     |                                  ^^^^^

warning: use of deprecated type alias `cocoa::base::id`: use the objc2 crate instead
    --> .deps/zed/crates/gpui_macos/src/window.rs:3820:34
     |
3820 |                 let description: id = msg_send![filters.objectAtIndex(i), description];
     |                                  ^^

warning: use of deprecated type alias `cocoa::base::id`: use the objc2 crate instead
    --> .deps/zed/crates/gpui_macos/src/window.rs:3830:30
     |
3830 |                 let indices: id = msg_send![class!(NSMutableIndexSet), indexSet];
     |                              ^^

warning: use of deprecated type alias `cocoa::base::id`: use the objc2 crate instead
    --> .deps/zed/crates/gpui_macos/src/window.rs:3833:31
     |
3833 |                 let filtered: id = msg_send![filters, objectsAtIndexes: indices];
     |                               ^^

warning: use of deprecated type alias `cocoa::base::id`: use the objc2 crate instead
    --> .deps/zed/crates/gpui_macos/src/window.rs:3839:24
     |
3839 |         let sublayers: id = msg_send![layer, sublayers];
     |                        ^^

warning: use of deprecated method `cocoa::foundation::NSArray::count`: use the objc2-foundation crate instead
    --> .deps/zed/crates/gpui_macos/src/window.rs:3841:34
     |
3841 |             let count = NSArray::count(sublayers);
     |                                  ^^^^^

warning: use of deprecated type alias `cocoa::base::id`: use the objc2 crate instead
    --> .deps/zed/crates/gpui_macos/src/window.rs:3850:94
     |
3850 | extern "C" fn add_titlebar_accessory_view_controller(this: &Object, _: Sel, view_controller: id) {
     |                                                                                              ^^

warning: use of deprecated type alias `cocoa::base::id`: use the objc2 crate instead
    --> .deps/zed/crates/gpui_macos/src/window.rs:3855:29
     |
3855 |         let accessory_view: id = msg_send![view_controller, view];
     |                             ^^

warning: use of deprecated struct `cocoa::foundation::NSRect`: use the objc2-foundation crate instead
    --> .deps/zed/crates/gpui_macos/src/window.rs:3857:24
     |
3857 |         let mut frame: NSRect = msg_send![accessory_view, frame];
     |                        ^^^^^^

warning: use of deprecated type alias `cocoa::base::id`: use the objc2 crate instead
    --> .deps/zed/crates/gpui_macos/src/window.rs:3863:64
     |
3863 | extern "C" fn move_tab_to_new_window(this: &Object, _: Sel, _: id) {
     |                                                                ^^

warning: use of deprecated constant `cocoa::base::nil`: use the objc2 crate instead
    --> .deps/zed/crates/gpui_macos/src/window.rs:3865:81
     |
3865 |         let _: () = msg_send![super(this, class!(NSWindow)), moveTabToNewWindow:nil];
     |                                                                                 ^^^

warning: use of deprecated type alias `cocoa::base::id`: use the objc2 crate instead
    --> .deps/zed/crates/gpui_macos/src/window.rs:3877:59
     |
3877 | extern "C" fn merge_all_windows(this: &Object, _: Sel, _: id) {
     |                                                           ^^

warning: use of deprecated constant `cocoa::base::nil`: use the objc2 crate instead
    --> .deps/zed/crates/gpui_macos/src/window.rs:3879:78
     |
3879 |         let _: () = msg_send![super(this, class!(NSWindow)), mergeAllWindows:nil];
     |                                                                              ^^^

warning: use of deprecated type alias `cocoa::base::id`: use the objc2 crate instead
    --> .deps/zed/crates/gpui_macos/src/window.rs:3891:62
     |
3891 | extern "C" fn select_next_tab(this: &Object, _sel: Sel, _id: id) {
     |                                                              ^^

warning: use of deprecated type alias `cocoa::base::id`: use the objc2 crate instead
    --> .deps/zed/crates/gpui_macos/src/window.rs:3901:66
     |
3901 | extern "C" fn select_previous_tab(this: &Object, _sel: Sel, _id: id) {
     |                                                                  ^^

warning: use of deprecated type alias `cocoa::base::id`: use the objc2 crate instead
    --> .deps/zed/crates/gpui_macos/src/window.rs:3911:61
     |
3911 | extern "C" fn toggle_tab_bar(this: &Object, _sel: Sel, _id: id) {
     |                                                             ^^

warning: use of deprecated constant `cocoa::base::nil`: use the objc2 crate instead
    --> .deps/zed/crates/gpui_macos/src/window.rs:3913:75
     |
3913 |         let _: () = msg_send![super(this, class!(NSWindow)), toggleTabBar:nil];
     |                                                                           ^^^

warning: use of deprecated constant `cocoa::base::nil`: use the objc2 crate instead
   --> .deps/zed/crates/gpui_macos/src/window.rs:825:26
    |
825 |             if screen == nil {
    |                          ^^^

warning: use of deprecated constant `cocoa::base::nil`: use the objc2 crate instead
   --> .deps/zed/crates/gpui_macos/src/window.rs:844:22
    |
844 |         if screen == nil {
    |                      ^^^

warning: use of deprecated struct `cocoa::foundation::NSSize`: use the objc2-foundation crate instead
   --> .deps/zed/crates/gpui_macos/src/window.rs:866:13
    |
866 |         let NSSize { width, height, .. } =
    |             ^^^^^^

warning: use of deprecated associated function `cocoa::foundation::NSAutoreleasePool::new`: use the objc2-foundation crate instead
   --> .deps/zed/crates/gpui_macos/src/window.rs:915:43
    |
915 |             let pool = NSAutoreleasePool::new(nil);
    |                                           ^^^

warning: use of deprecated constant `cocoa::base::nil`: use the objc2 crate instead
   --> .deps/zed/crates/gpui_macos/src/window.rs:915:47
    |
915 |             let pool = NSAutoreleasePool::new(nil);
    |                                               ^^^

warning: use of deprecated type alias `cocoa::base::id`: use the objc2 crate instead
   --> .deps/zed/crates/gpui_macos/src/window.rs:945:32
    |
945 |             let native_window: id = match kind {
    |                                ^^

warning: use of deprecated constant `cocoa::base::nil`: use the objc2 crate instead
   --> .deps/zed/crates/gpui_macos/src/window.rs:964:37
    |
964 |             let mut target_screen = nil;
    |                                     ^^^

warning: use of deprecated constant `cocoa::base::nil`: use the objc2 crate instead
   --> .deps/zed/crates/gpui_macos/src/window.rs:967:45
    |
967 |             let screens = NSScreen::screens(nil);
    |                                             ^^^

warning: use of deprecated method `cocoa::foundation::NSArray::count`: use the objc2-foundation crate instead
   --> .deps/zed/crates/gpui_macos/src/window.rs:968:58
    |
968 |             let count: u64 = cocoa::foundation::NSArray::count(screens);
    |                                                          ^^^^^

warning: use of deprecated method `cocoa::foundation::NSArray::objectAtIndex`: use the objc2-foundation crate instead
   --> .deps/zed/crates/gpui_macos/src/window.rs:970:58
    |
970 |                 let screen = cocoa::foundation::NSArray::objectAtIndex(screens, i);
    |                                                          ^^^^^^^^^^^^^

warning: use of deprecated constant `cocoa::base::nil`: use the objc2 crate instead
   --> .deps/zed/crates/gpui_macos/src/window.rs:982:51
    |
982 |                 let screen = NSScreen::mainScreen(nil);
    |                                                   ^^^

warning: use of deprecated struct `cocoa::foundation::NSRect`: use the objc2-foundation crate instead
   --> .deps/zed/crates/gpui_macos/src/window.rs:987:31
    |
987 |             let window_rect = NSRect::new(
    |                               ^^^^^^

warning: use of deprecated struct `cocoa::foundation::NSPoint`: use the objc2-foundation crate instead
   --> .deps/zed/crates/gpui_macos/src/window.rs:988:17
    |
988 |                 NSPoint::new(
    |                 ^^^^^^^

warning: use of deprecated struct `cocoa::foundation::NSSize`: use the objc2-foundation crate instead
   --> .deps/zed/crates/gpui_macos/src/window.rs:993:17
    |
993 |                 NSSize::new(
    |                 ^^^^^^

warning: use of deprecated associated function `cocoa::foundation::NSArray::arrayWithObject`: use the objc2-foundation crate instead
    --> .deps/zed/crates/gpui_macos/src/window.rs:1010:30
     |
1010 |                     NSArray::arrayWithObject(nil, NSFilenamesPboardType)
     |                              ^^^^^^^^^^^^^^^

warning: use of deprecated constant `cocoa::base::nil`: use the objc2 crate instead
    --> .deps/zed/crates/gpui_macos/src/window.rs:1010:46
     |
1010 |                     NSArray::arrayWithObject(nil, NSFilenamesPboardType)
     |                                              ^^^

warning: use of deprecated type alias `cocoa::base::id`: use the objc2 crate instead
    --> .deps/zed/crates/gpui_macos/src/window.rs:1018:30
     |
1018 |             let native_view: id = msg_send![VIEW_CLASS, alloc];
     |                              ^^

warning: use of deprecated struct `cocoa::foundation::NSSize`: use the objc2-foundation crate instead
    --> .deps/zed/crates/gpui_macos/src/window.rs:1100:50
     |
1100 |                 native_window.setContentMinSize_(NSSize {
     |                                                  ^^^^^^

warning: use of deprecated constant `cocoa::base::nil`: use the objc2 crate instead
    --> .deps/zed/crates/gpui_macos/src/window.rs:1128:60
     |
1128 |             let app: id = NSApplication::sharedApplication(nil);
     |                                                            ^^^

warning: use of deprecated type alias `cocoa::base::id`: use the objc2 crate instead
    --> .deps/zed/crates/gpui_macos/src/window.rs:1128:22
     |
1128 |             let app: id = NSApplication::sharedApplication(nil);
     |                      ^^

warning: use of deprecated type alias `cocoa::base::id`: use the objc2 crate instead
    --> .deps/zed/crates/gpui_macos/src/window.rs:1129:30
     |
1129 |             let main_window: id = msg_send![app, mainWindow];
     |                              ^^

warning: use of deprecated constant `cocoa::base::nil`: use the objc2 crate instead
    --> .deps/zed/crates/gpui_macos/src/window.rs:1146:83
     |
1146 |                         let _: () = msg_send![native_window, setTabbingIdentifier:nil];
     |                                                                                   ^^^

warning: use of deprecated type alias `cocoa::base::id`: use the objc2 crate instead
    --> .deps/zed/crates/gpui_macos/src/window.rs:1155:40
     |
1155 |                     let tracking_area: id = msg_send![class!(NSTrackingArea), alloc];
     |                                        ^^

warning: use of deprecated struct `cocoa::foundation::NSRect`: use the objc2-foundation crate instead
    --> .deps/zed/crates/gpui_macos/src/window.rs:1158:39
     |
1158 |                         initWithRect: NSRect::new(NSPoint::new(0., 0.), NSSize::new(0., 0.))
     |                                       ^^^^^^

warning: use of deprecated struct `cocoa::foundation::NSPoint`: use the objc2-foundation crate instead
    --> .deps/zed/crates/gpui_macos/src/window.rs:1158:51
     |
1158 |                         initWithRect: NSRect::new(NSPoint::new(0., 0.), NSSize::new(0., 0.))
     |                                                   ^^^^^^^

warning: use of deprecated struct `cocoa::foundation::NSSize`: use the objc2-foundation crate instead
    --> .deps/zed/crates/gpui_macos/src/window.rs:1158:73
     |
1158 |                         initWithRect: NSRect::new(NSPoint::new(0., 0.), NSSize::new(0., 0.))
     |                                                                         ^^^^^^

warning: use of deprecated constant `cocoa::base::nil`: use the objc2 crate instead
    --> .deps/zed/crates/gpui_macos/src/window.rs:1161:35
     |
1161 |                         userInfo: nil
     |                                   ^^^

warning: use of deprecated type alias `cocoa::base::id`: use the objc2 crate instead
    --> .deps/zed/crates/gpui_macos/src/window.rs:1179:47
     |
1179 | ...                   let active_sheet: id = msg_send![main_window, attachedSheet];
     |                                         ^^

warning: use of deprecated constant `cocoa::base::nil`: use the objc2 crate instead
    --> .deps/zed/crates/gpui_macos/src/window.rs:1187:92
     |
1187 | ...                   msg_send![parent, beginSheet: native_window completionHandler: nil];
     |                                                                                      ^^^

warning: use of deprecated constant `cocoa::base::nil`: use the objc2 crate instead
    --> .deps/zed/crates/gpui_macos/src/window.rs:1217:78
     |
1217 | ...                   let _: () = msg_send![native_window, orderFront: nil];
     |                                                                        ^^^

warning: use of deprecated constant `cocoa::base::nil`: use the objc2 crate instead
    --> .deps/zed/crates/gpui_macos/src/window.rs:1224:53
     |
1224 |                 native_window.makeKeyAndOrderFront_(nil);
     |                                                     ^^^

warning: use of deprecated constant `cocoa::base::nil`: use the objc2 crate instead
    --> .deps/zed/crates/gpui_macos/src/window.rs:1226:43
     |
1226 |                 native_window.orderFront_(nil);
     |                                           ^^^

warning: use of deprecated constant `cocoa::base::nil`: use the objc2 crate instead
    --> .deps/zed/crates/gpui_macos/src/window.rs:1248:56
     |
1248 |             let app = NSApplication::sharedApplication(nil);
     |                                                        ^^^

warning: use of deprecated type alias `cocoa::base::id`: use the objc2 crate instead
    --> .deps/zed/crates/gpui_macos/src/window.rs:1249:30
     |
1249 |             let main_window: id = msg_send![app, mainWindow];
     |                              ^^

warning: use of deprecated constant `cocoa::base::nil`: use the objc2 crate instead
    --> .deps/zed/crates/gpui_macos/src/window.rs:1265:56
     |
1265 |             let app = NSApplication::sharedApplication(nil);
     |                                                        ^^^

warning: use of deprecated type alias `cocoa::base::id`: use the objc2 crate instead
    --> .deps/zed/crates/gpui_macos/src/window.rs:1266:26
     |
1266 |             let windows: id = msg_send![app, orderedWindows];
     |                          ^^

warning: use of deprecated type alias `cocoa::foundation::NSUInteger`: use the objc2-foundation crate instead
    --> .deps/zed/crates/gpui_macos/src/window.rs:1267:24
     |
1267 |             let count: NSUInteger = msg_send![windows, count];
     |                        ^^^^^^^^^^

warning: use of deprecated type alias `cocoa::base::id`: use the objc2 crate instead
    --> .deps/zed/crates/gpui_macos/src/window.rs:1271:29
     |
1271 |                 let window: id = msg_send![windows, objectAtIndex:i];
     |                             ^^

warning: use of deprecated associated function `cocoa::foundation::NSUserDefaults::standardUserDefaults`: use the objc2-foundation crate instead
    --> .deps/zed/crates/gpui_macos/src/window.rs:1284:48
     |
1284 |             let defaults: id = NSUserDefaults::standardUserDefaults();
     |                                                ^^^^^^^^^^^^^^^^^^^^

warning: use of deprecated type alias `cocoa::base::id`: use the objc2 crate instead
    --> .deps/zed/crates/gpui_macos/src/window.rs:1284:27
     |
1284 |             let defaults: id = NSUserDefaults::standardUserDefaults();
     |                           ^^

warning: use of deprecated type alias `cocoa::base::id`: use the objc2 crate instead
    --> .deps/zed/crates/gpui_macos/src/window.rs:1288:23
     |
1288 |             let dict: id = msg_send![defaults, persistentDomainForName: domain];
     |                       ^^

warning: use of deprecated constant `cocoa::base::nil`: use the objc2 crate instead
    --> .deps/zed/crates/gpui_macos/src/window.rs:1292:17
     |
1292 |                 nil
     |                 ^^^

warning: use of deprecated type alias `cocoa::base::id`: use the objc2 crate instead
    --> .deps/zed/crates/gpui_macos/src/window.rs:1289:24
     |
1289 |             let value: id = if !dict.is_null() {
     |                        ^^

warning: use of deprecated method `cocoa::foundation::NSString::UTF8String`: use the objc2-foundation crate instead
    --> .deps/zed/crates/gpui_macos/src/window.rs:1296:42
     |
1296 |                 CStr::from_ptr(NSString::UTF8String(value)).to_string_lossy()
     |                                          ^^^^^^^^^^

warning: use of deprecated constant `cocoa::base::nil`: use the objc2 crate instead
    --> .deps/zed/crates/gpui_macos/src/window.rs:1318:45
     |
1318 |             this.native_window.setDelegate_(nil);
     |                                             ^^^

warning: use of deprecated struct `cocoa::foundation::NSSize`: use the objc2-foundation crate instead
    --> .deps/zed/crates/gpui_macos/src/window.rs:1639:44
     |
1639 |                     window.setContentSize_(NSSize {
     |                                            ^^^^^^

warning: use of deprecated constant `cocoa::base::nil`: use the objc2 crate instead
    --> .deps/zed/crates/gpui_macos/src/window.rs:1682:68
     |
1682 |             let _: () = msg_send![native_window, toggleTabOverview:nil];
     |                                                                    ^^^

warning: use of deprecated constant `cocoa::base::nil`: use the objc2 crate instead
    --> .deps/zed/crates/gpui_macos/src/window.rs:1700:75
     |
1700 |                 let _: () = msg_send![native_window, setTabbingIdentifier:nil];
     |                                                                           ^^^

warning: use of deprecated type alias `cocoa::base::id`: use the objc2 crate instead
    --> .deps/zed/crates/gpui_macos/src/window.rs:1717:29
     |
1717 |             let appearance: id = msg_send![self.0.lock().native_window, effectiveAppearance];
     |                             ^^

warning: use of deprecated type alias `cocoa::base::id`: use the objc2 crate instead
    --> .deps/zed/crates/gpui_macos/src/window.rs:1728:37
     |
1728 |             let device_description: id = msg_send![screen, deviceDescription];
     |                                     ^^

warning: use of deprecated method `cocoa::foundation::NSDictionary::valueForKey_`: use the objc2-foundation crate instead
    --> .deps/zed/crates/gpui_macos/src/window.rs:1730:31
     |
1730 |                 NSDictionary::valueForKey_(device_description, ns_string("NSScreenNumber"));
     |                               ^^^^^^^^^^^^

warning: use of deprecated type alias `cocoa::base::id`: use the objc2 crate instead
    --> .deps/zed/crates/gpui_macos/src/window.rs:1729:32
     |
1729 |             let screen_number: id =
     |                                ^^

warning: use of deprecated constant `cocoa::base::nil`: use the objc2 crate instead
    --> .deps/zed/crates/gpui_macos/src/window.rs:1879:77
     |
1879 |                         let _: () = msg_send![window, makeKeyAndOrderFront: nil];
     |                                                                             ^^^

warning: use of deprecated constant `cocoa::base::nil`: use the objc2 crate instead
    --> .deps/zed/crates/gpui_macos/src/window.rs:1895:64
     |
1895 |                     let app = NSApplication::sharedApplication(nil);
     |                                                                ^^^

warning: use of deprecated constant `cocoa::base::nil`: use the objc2 crate instead
    --> .deps/zed/crates/gpui_macos/src/window.rs:1913:56
     |
1913 |             let app = NSApplication::sharedApplication(nil);
     |                                                        ^^^

warning: use of deprecated type alias `cocoa::base::id`: use the objc2 crate instead
    --> .deps/zed/crates/gpui_macos/src/window.rs:1924:24
     |
1924 |             let title: id = msg_send![self.0.lock().native_window, title];
     |                        ^^

warning: use of deprecated constant `cocoa::base::nil`: use the objc2 crate instead
    --> .deps/zed/crates/gpui_macos/src/window.rs:1945:61
     |
1945 |                 NSColor::colorWithSRGBRed_green_blue_alpha_(nil, 0f64, 0f64, 0f64, 1f64)
     |                                                             ^^^

warning: use of deprecated constant `cocoa::base::nil`: use the objc2 crate instead
    --> .deps/zed/crates/gpui_macos/src/window.rs:1948:61
     |
1948 |                 NSColor::colorWithSRGBRed_green_blue_alpha_(nil, 0f64, 0f64, 0f64, 0.0001)
     |                                                             ^^^

warning: use of deprecated type alias `cocoa::base::id`: use the objc2 crate instead
    --> .deps/zed/crates/gpui_macos/src/window.rs:1960:36
     |
1960 |                 let mut blur_view: id = msg_send![BLURRED_VIEW_CLASS, alloc];
     |                                    ^^

warning: use of deprecated constant `cocoa::base::nil`: use the objc2 crate instead
    --> .deps/zed/crates/gpui_macos/src/window.rs:1968:33
     |
1968 |                     relativeTo: nil
     |                                 ^^^

warning: use of deprecated constant `cocoa::base::nil`: use the objc2 crate instead
    --> .deps/zed/crates/gpui_macos/src/window.rs:2012:64
     |
2012 |                     let app = NSApplication::sharedApplication(nil);
     |                                                                ^^^

warning: use of deprecated constant `cocoa::base::nil`: use the objc2 crate instead
    --> .deps/zed/crates/gpui_macos/src/window.rs:2022:33
     |
2022 |             window.miniaturize_(nil);
     |                                 ^^^

warning: use of deprecated constant `cocoa::base::nil`: use the objc2 crate instead
    --> .deps/zed/crates/gpui_macos/src/window.rs:2033:34
     |
2033 |                     window.zoom_(nil);
     |                                  ^^^

warning: use of deprecated constant `cocoa::base::nil`: use the objc2 crate instead
    --> .deps/zed/crates/gpui_macos/src/window.rs:2046:46
     |
2046 |                     window.toggleFullScreen_(nil);
     |                                              ^^^

warning: use of deprecated type alias `cocoa::base::id`: use the objc2 crate instead
    --> .deps/zed/crates/gpui_macos/src/window.rs:2065:58
     |
2065 | ...                   lock.native_view.as_ptr() as id,
     |                                                    ^^

warning: use of deprecated type alias `cocoa::base::id`: use the objc2 crate instead
    --> .deps/zed/crates/gpui_macos/src/window.rs:2175:26
     |
2175 |             let windows: id = msg_send![self.0.lock().native_window, tabbedWindows];
     |                          ^^

warning: use of deprecated type alias `cocoa::foundation::NSUInteger`: use the objc2-foundation crate instead
    --> .deps/zed/crates/gpui_macos/src/window.rs:2180:24
     |
2180 |             let count: NSUInteger = msg_send![windows, count];
     |                        ^^^^^^^^^^

warning: use of deprecated type alias `cocoa::base::id`: use the objc2 crate instead
    --> .deps/zed/crates/gpui_macos/src/window.rs:2183:29
     |
2183 |                 let window: id = msg_send![windows, objectAtIndex:i];
     |                             ^^

warning: use of deprecated type alias `cocoa::base::id`: use the objc2 crate instead
    --> .deps/zed/crates/gpui_macos/src/window.rs:2186:32
     |
2186 |                     let title: id = msg_send![window, title];
     |                                ^^

warning: use of deprecated type alias `cocoa::base::id`: use the objc2 crate instead
    --> .deps/zed/crates/gpui_macos/src/window.rs:2199:28
     |
2199 |             let tab_group: id = msg_send![self.0.lock().native_window, tabGroup];
     |                            ^^

warning: use of deprecated type alias `cocoa::base::id`: use the objc2 crate instead
    --> .deps/zed/crates/gpui_macos/src/window.rs:2252:40
     |
2252 |                     let input_context: id =
     |                                        ^^

warning: use of deprecated associated function `cocoa::foundation::NSUserDefaults::standardUserDefaults`: use the objc2-foundation crate instead
    --> .deps/zed/crates/gpui_macos/src/window.rs:2274:60
     |
2274 |                         let defaults: id = NSUserDefaults::standardUserDefaults();
     |                                                            ^^^^^^^^^^^^^^^^^^^^

warning: use of deprecated type alias `cocoa::base::id`: use the objc2 crate instead
    --> .deps/zed/crates/gpui_macos/src/window.rs:2274:39
     |
2274 |                         let defaults: id = NSUserDefaults::standardUserDefaults();
     |                                       ^^

warning: use of deprecated type alias `cocoa::base::id`: use the objc2 crate instead
    --> .deps/zed/crates/gpui_macos/src/window.rs:2278:35
     |
2278 |                         let dict: id = msg_send![defaults, persistentDomainForName: domain];
     |                                   ^^

warning: use of deprecated constant `cocoa::base::nil`: use the objc2 crate instead
    --> .deps/zed/crates/gpui_macos/src/window.rs:2282:29
     |
2282 | ...                   nil
     |                       ^^^

warning: use of deprecated type alias `cocoa::base::id`: use the objc2 crate instead
    --> .deps/zed/crates/gpui_macos/src/window.rs:2279:37
     |
2279 |                         let action: id = if !dict.is_null() {
     |                                     ^^

warning: use of deprecated method `cocoa::foundation::NSString::UTF8String`: use the objc2-foundation crate instead
    --> .deps/zed/crates/gpui_macos/src/window.rs:2286:54
     |
2286 | ...                   CStr::from_ptr(NSString::UTF8String(action)).to_string_lossy()
     |                                                ^^^^^^^^^^

warning: use of deprecated constant `cocoa::base::nil`: use the objc2 crate instead
    --> .deps/zed/crates/gpui_macos/src/window.rs:2297:57
     |
2297 | ...                   window.miniaturize_(nil);
     |                                           ^^^

warning: use of deprecated constant `cocoa::base::nil`: use the objc2 crate instead
    --> .deps/zed/crates/gpui_macos/src/window.rs:2302:50
     |
2302 | ...                   window.zoom_(nil);
     |                                    ^^^

warning: use of deprecated constant `cocoa::base::nil`: use the objc2 crate instead
    --> .deps/zed/crates/gpui_macos/src/window.rs:2308:50
     |
2308 | ...                   window.zoom_(nil);
     |                                    ^^^

warning: use of deprecated constant `cocoa::base::nil`: use the objc2 crate instead
    --> .deps/zed/crates/gpui_macos/src/window.rs:2313:50
     |
2313 | ...                   window.zoom_(nil);
     |                                    ^^^

warning: use of deprecated constant `cocoa::base::nil`: use the objc2 crate instead
    --> .deps/zed/crates/gpui_macos/src/window.rs:2331:56
     |
2331 |             let app = NSApplication::sharedApplication(nil);
     |                                                        ^^^

warning: use of deprecated type alias `cocoa::base::id`: use the objc2 crate instead
    --> .deps/zed/crates/gpui_macos/src/window.rs:2332:24
     |
2332 |             let event: id = msg_send![app, currentEvent];
     |                        ^^

warning: use of deprecated type alias `cocoa::base::id`: use the objc2 crate instead
    --> .deps/zed/crates/gpui_macos/src/window.rs:2366:24
     |
2366 |             let event: id = Retained::as_ptr(&last_left_mouse_down_event)
     |                        ^^

warning: use of deprecated type alias `cocoa::base::id`: use the objc2 crate instead
    --> .deps/zed/crates/gpui_macos/src/window.rs:2369:33
     |
2369 |             let dragging_items: id = msg_send![class!(NSMutableArray), array];
     |                                 ^^

warning: use of deprecated struct `cocoa::foundation::NSPoint`: use the objc2-foundation crate instead
    --> .deps/zed/crates/gpui_macos/src/window.rs:2372:27
     |
2372 |             let location: NSPoint = msg_send![event, locationInWindow];
     |                           ^^^^^^^

warning: use of deprecated struct `cocoa::foundation::NSRect`: use the objc2-foundation crate instead
    --> .deps/zed/crates/gpui_macos/src/window.rs:2373:25
     |
2373 |             let frame = NSRect::new(
     |                         ^^^^^^

warning: use of deprecated struct `cocoa::foundation::NSPoint`: use the objc2-foundation crate instead
    --> .deps/zed/crates/gpui_macos/src/window.rs:2374:17
     |
2374 |                 NSPoint::new(location.x - 16., location.y - 16.),
     |                 ^^^^^^^

warning: use of deprecated struct `cocoa::foundation::NSSize`: use the objc2-foundation crate instead
    --> .deps/zed/crates/gpui_macos/src/window.rs:2375:17
     |
2375 |                 NSSize::new(32., 32.),
     |                 ^^^^^^

warning: use of deprecated constant `cocoa::base::nil`: use the objc2 crate instead
    --> .deps/zed/crates/gpui_macos/src/window.rs:2389:36
     |
2389 |                     relativeToURL: nil
     |                                    ^^^

warning: use of deprecated type alias `cocoa::base::id`: use the objc2 crate instead
    --> .deps/zed/crates/gpui_macos/src/window.rs:2385:26
     |
2385 |                 let url: id = msg_send![
     |                          ^^

warning: use of deprecated type alias `cocoa::base::id`: use the objc2 crate instead
    --> .deps/zed/crates/gpui_macos/src/window.rs:2397:27
     |
2397 |                 let item: id = msg_send![class!(NSDraggingItem), alloc];
     |                           ^^

warning: use of deprecated type alias `cocoa::base::id`: use the objc2 crate instead
    --> .deps/zed/crates/gpui_macos/src/window.rs:2398:27
     |
2398 |                 let item: id = msg_send![item, initWithPasteboardWriter: url];
     |                           ^^

warning: use of deprecated type alias `cocoa::base::id`: use the objc2 crate instead
    --> .deps/zed/crates/gpui_macos/src/window.rs:2418:62
     |
2418 |                 let provider = ConcreteBlock::new(move || -> id {
     |                                                              ^^

warning: use of deprecated type alias `cocoa::base::id`: use the objc2 crate instead
    --> .deps/zed/crates/gpui_macos/src/window.rs:2419:36
     |
2419 |                     let component: id = msg_send![
     |                                    ^^

warning: use of deprecated type alias `cocoa::base::id`: use the objc2 crate instead
    --> .deps/zed/crates/gpui_macos/src/window.rs:2423:36
     |
2423 |                     let workspace: id = msg_send![class!(NSWorkspace), sharedWorkspace];
     |                                    ^^

warning: use of deprecated type alias `cocoa::base::id`: use the objc2 crate instead
    --> .deps/zed/crates/gpui_macos/src/window.rs:2424:31
     |
2424 |                     let icon: id = msg_send![workspace, iconForFileType: ns_string(&file_type)];
     |                               ^^

warning: use of deprecated struct `cocoa::foundation::NSRect`: use the objc2-foundation crate instead
    --> .deps/zed/crates/gpui_macos/src/window.rs:2429:35
     |
2429 |                         setFrame: NSRect::new(NSPoint::new(0., 0.), NSSize::new(32., 32.))
     |                                   ^^^^^^

warning: use of deprecated struct `cocoa::foundation::NSPoint`: use the objc2-foundation crate instead
    --> .deps/zed/crates/gpui_macos/src/window.rs:2429:47
     |
2429 |                         setFrame: NSRect::new(NSPoint::new(0., 0.), NSSize::new(32., 32.))
     |                                               ^^^^^^^

warning: use of deprecated struct `cocoa::foundation::NSSize`: use the objc2-foundation crate instead
    --> .deps/zed/crates/gpui_macos/src/window.rs:2429:69
     |
2429 |                         setFrame: NSRect::new(NSPoint::new(0., 0.), NSSize::new(32., 32.))
     |                                                                     ^^^^^^

warning: use of deprecated type alias `cocoa::foundation::NSUInteger`: use the objc2-foundation crate instead
    --> .deps/zed/crates/gpui_macos/src/window.rs:2440:24
     |
2440 |             let count: NSUInteger = msg_send![dragging_items, count];
     |                        ^^^^^^^^^^

warning: use of deprecated type alias `cocoa::base::id`: use the objc2 crate instead
    --> .deps/zed/crates/gpui_macos/src/window.rs:2446:26
     |
2446 |             let session: id = msg_send![
     |                          ^^

warning: use of deprecated type alias `cocoa::base::id`: use the objc2 crate instead
   --> .deps/zed/crates/gpui_macos/src/window.rs:128:45
    |
128 |     static NSDraggingImageComponentIconKey: id;
    |                                             ^^

warning: use of deprecated type alias `cocoa::base::id`: use the objc2 crate instead
 --> .deps/zed/crates/gpui_macos/src/window_appearance.rs:3:11
  |
3 |     base::id,
  |           ^^

warning: use of deprecated trait `cocoa::foundation::NSString`: use the objc2-foundation crate instead
 --> .deps/zed/crates/gpui_macos/src/window_appearance.rs:4:17
  |
4 |     foundation::NSString,
  |                 ^^^^^^^^

warning: use of deprecated type alias `cocoa::base::id`: use the objc2 crate instead
  --> .deps/zed/crates/gpui_macos/src/window_appearance.rs:10:64
   |
10 | pub(crate) unsafe fn window_appearance_from_native(appearance: id) -> WindowAppearance {
   |                                                                ^^

warning: use of deprecated type alias `cocoa::base::id`: use the objc2 crate instead
  --> .deps/zed/crates/gpui_macos/src/window_appearance.rs:11:15
   |
11 |     let name: id = msg_send![appearance, name];
   |               ^^

warning: use of deprecated type alias `cocoa::base::id`: use the objc2 crate instead
  --> .deps/zed/crates/gpui_macos/src/window_appearance.rs:33:38
   |
33 |     pub static NSAppearanceNameAqua: id;
   |                                      ^^

warning: use of deprecated type alias `cocoa::base::id`: use the objc2 crate instead
  --> .deps/zed/crates/gpui_macos/src/window_appearance.rs:34:42
   |
34 |     pub static NSAppearanceNameDarkAqua: id;
   |                                          ^^

warning: use of deprecated method `cocoa::foundation::NSDictionary::objectForKey_`: use the objc2-foundation crate instead
  --> .deps/zed/crates/gpui_macos/src/display.rs:41:52
   |
41 |             let screen_number = device_description.objectForKey_(screen_number_key);
   |                                                    ^^^^^^^^^^^^^

warning: use of deprecated field `cocoa::foundation::NSRect::size`: use the objc2-foundation crate instead
   --> .deps/zed/crates/gpui_macos/src/display.rs:134:17
    |
134 |                 screen_frame.size.height - visible_frame.origin.y - visible_frame.size.height
    |                 ^^^^^^^^^^^^^^^^^

warning: use of deprecated field `cocoa::foundation::NSSize::height`: use the objc2-foundation crate instead
   --> .deps/zed/crates/gpui_macos/src/display.rs:134:17
    |
134 |                 screen_frame.size.height - visible_frame.origin.y - visible_frame.size.height
    |                 ^^^^^^^^^^^^^^^^^^^^^^^^

warning: use of deprecated field `cocoa::foundation::NSRect::origin`: use the objc2-foundation crate instead
   --> .deps/zed/crates/gpui_macos/src/display.rs:134:44
    |
134 |                 screen_frame.size.height - visible_frame.origin.y - visible_frame.size.height
    |                                            ^^^^^^^^^^^^^^^^^^^^

warning: use of deprecated field `cocoa::foundation::NSPoint::y`: use the objc2-foundation crate instead
   --> .deps/zed/crates/gpui_macos/src/display.rs:134:44
    |
134 |                 screen_frame.size.height - visible_frame.origin.y - visible_frame.size.height
    |                                            ^^^^^^^^^^^^^^^^^^^^^^

warning: use of deprecated field `cocoa::foundation::NSRect::size`: use the objc2-foundation crate instead
   --> .deps/zed/crates/gpui_macos/src/display.rs:134:69
    |
134 |                 screen_frame.size.height - visible_frame.origin.y - visible_frame.size.height
    |                                                                     ^^^^^^^^^^^^^^^^^^

warning: use of deprecated field `cocoa::foundation::NSSize::height`: use the objc2-foundation crate instead
   --> .deps/zed/crates/gpui_macos/src/display.rs:134:69
    |
134 |                 screen_frame.size.height - visible_frame.origin.y - visible_frame.size.height
    |                                                                     ^^^^^^^^^^^^^^^^^^^^^^^^^

warning: use of deprecated field `cocoa::foundation::NSRect::origin`: use the objc2-foundation crate instead
   --> .deps/zed/crates/gpui_macos/src/display.rs:135:23
    |
135 |                     + screen_frame.origin.y;
    |                       ^^^^^^^^^^^^^^^^^^^

warning: use of deprecated field `cocoa::foundation::NSPoint::y`: use the objc2-foundation crate instead
   --> .deps/zed/crates/gpui_macos/src/display.rs:135:23
    |
135 |                     + screen_frame.origin.y;
    |                       ^^^^^^^^^^^^^^^^^^^^^

warning: use of deprecated field `cocoa::foundation::NSRect::origin`: use the objc2-foundation crate instead
   --> .deps/zed/crates/gpui_macos/src/display.rs:139:24
    |
139 |                     px(visible_frame.origin.x as f32 - screen_frame.origin.x as f32),
    |                        ^^^^^^^^^^^^^^^^^^^^

warning: use of deprecated field `cocoa::foundation::NSPoint::x`: use the objc2-foundation crate instead
   --> .deps/zed/crates/gpui_macos/src/display.rs:139:24
    |
139 |                     px(visible_frame.origin.x as f32 - screen_frame.origin.x as f32),
    |                        ^^^^^^^^^^^^^^^^^^^^^^

warning: use of deprecated field `cocoa::foundation::NSRect::origin`: use the objc2-foundation crate instead
   --> .deps/zed/crates/gpui_macos/src/display.rs:139:56
    |
139 |                     px(visible_frame.origin.x as f32 - screen_frame.origin.x as f32),
    |                                                        ^^^^^^^^^^^^^^^^^^^

warning: use of deprecated field `cocoa::foundation::NSPoint::x`: use the objc2-foundation crate instead
   --> .deps/zed/crates/gpui_macos/src/display.rs:139:56
    |
139 |                     px(visible_frame.origin.x as f32 - screen_frame.origin.x as f32),
    |                                                        ^^^^^^^^^^^^^^^^^^^^^

warning: use of deprecated field `cocoa::foundation::NSRect::size`: use the objc2-foundation crate instead
   --> .deps/zed/crates/gpui_macos/src/display.rs:143:24
    |
143 |                     px(visible_frame.size.width as f32),
    |                        ^^^^^^^^^^^^^^^^^^

warning: use of deprecated field `cocoa::foundation::NSSize::width`: use the objc2-foundation crate instead
   --> .deps/zed/crates/gpui_macos/src/display.rs:143:24
    |
143 |                     px(visible_frame.size.width as f32),
    |                        ^^^^^^^^^^^^^^^^^^^^^^^^

warning: use of deprecated field `cocoa::foundation::NSRect::size`: use the objc2-foundation crate instead
   --> .deps/zed/crates/gpui_macos/src/display.rs:144:24
    |
144 |                     px(visible_frame.size.height as f32),
    |                        ^^^^^^^^^^^^^^^^^^

warning: use of deprecated field `cocoa::foundation::NSSize::height`: use the objc2-foundation crate instead
   --> .deps/zed/crates/gpui_macos/src/display.rs:144:24
    |
144 |                     px(visible_frame.size.height as f32),
    |                        ^^^^^^^^^^^^^^^^^^^^^^^^^

warning: use of deprecated method `cocoa::foundation::NSDictionary::objectForKey_`: use the objc2-foundation crate instead
   --> .deps/zed/crates/gpui_macos/src/display.rs:161:61
    |
161 |             let screen_number = unsafe { device_description.objectForKey_(screen_number_key) };
    |                                                             ^^^^^^^^^^^^^

warning: use of deprecated field `cocoa::foundation::NSPoint::x`: use the objc2-foundation crate instead
   --> .deps/zed/crates/gpui_macos/src/events.rs:155:32
    |
155 | ...                   px(native_event.locationInWindow().x as f32),
    |                          ^^^^^^^^^^^^^^^^^^^^^^^^^^^^^^^^^

warning: use of deprecated field `cocoa::foundation::NSPoint::y`: use the objc2-foundation crate instead
   --> .deps/zed/crates/gpui_macos/src/events.rs:157:48
    |
157 | ...                   window_height - px(native_event.locationInWindow().y as f32),
    |                                          ^^^^^^^^^^^^^^^^^^^^^^^^^^^^^^^^^

warning: use of deprecated field `cocoa::foundation::NSPoint::x`: use the objc2-foundation crate instead
   --> .deps/zed/crates/gpui_macos/src/events.rs:182:32
    |
182 | ...                   px(native_event.locationInWindow().x as f32),
    |                          ^^^^^^^^^^^^^^^^^^^^^^^^^^^^^^^^^

warning: use of deprecated field `cocoa::foundation::NSPoint::y`: use the objc2-foundation crate instead
   --> .deps/zed/crates/gpui_macos/src/events.rs:183:48
    |
183 | ...                   window_height - px(native_event.locationInWindow().y as f32),
    |                                          ^^^^^^^^^^^^^^^^^^^^^^^^^^^^^^^^^

warning: use of deprecated field `cocoa::foundation::NSPoint::x`: use the objc2-foundation crate instead
   --> .deps/zed/crates/gpui_macos/src/events.rs:204:32
    |
204 | ...                   px(native_event.locationInWindow().x as f32),
    |                          ^^^^^^^^^^^^^^^^^^^^^^^^^^^^^^^^^

warning: use of deprecated field `cocoa::foundation::NSPoint::y`: use the objc2-foundation crate instead
   --> .deps/zed/crates/gpui_macos/src/events.rs:205:48
    |
205 | ...                   window_height - px(native_event.locationInWindow().y as f32),
    |                                          ^^^^^^^^^^^^^^^^^^^^^^^^^^^^^^^^^

warning: use of deprecated field `cocoa::foundation::NSPoint::x`: use the objc2-foundation crate instead
   --> .deps/zed/crates/gpui_macos/src/events.rs:226:36
    |
226 | ...                   px(native_event.locationInWindow().x as f32),
    |                          ^^^^^^^^^^^^^^^^^^^^^^^^^^^^^^^^^

warning: use of deprecated field `cocoa::foundation::NSPoint::y`: use the objc2-foundation crate instead
   --> .deps/zed/crates/gpui_macos/src/events.rs:227:52
    |
227 | ...                   window_height - px(native_event.locationInWindow().y as f32),
    |                                          ^^^^^^^^^^^^^^^^^^^^^^^^^^^^^^^^^

warning: use of deprecated field `cocoa::foundation::NSPoint::x`: use the objc2-foundation crate instead
   --> .deps/zed/crates/gpui_macos/src/events.rs:250:28
    |
250 |                         px(native_event.locationInWindow().x as f32),
    |                            ^^^^^^^^^^^^^^^^^^^^^^^^^^^^^^^^^

warning: use of deprecated field `cocoa::foundation::NSPoint::y`: use the objc2-foundation crate instead
   --> .deps/zed/crates/gpui_macos/src/events.rs:251:44
    |
251 |                         window_height - px(native_event.locationInWindow().y as f32),
    |                                            ^^^^^^^^^^^^^^^^^^^^^^^^^^^^^^^^^

warning: use of deprecated field `cocoa::foundation::NSPoint::x`: use the objc2-foundation crate instead
   --> .deps/zed/crates/gpui_macos/src/events.rs:280:28
    |
280 |                         px(native_event.locationInWindow().x as f32),
    |                            ^^^^^^^^^^^^^^^^^^^^^^^^^^^^^^^^^

warning: use of deprecated field `cocoa::foundation::NSPoint::y`: use the objc2-foundation crate instead
   --> .deps/zed/crates/gpui_macos/src/events.rs:281:44
    |
281 |                         window_height - px(native_event.locationInWindow().y as f32),
    |                                            ^^^^^^^^^^^^^^^^^^^^^^^^^^^^^^^^^

warning: use of deprecated field `cocoa::foundation::NSPoint::x`: use the objc2-foundation crate instead
   --> .deps/zed/crates/gpui_macos/src/events.rs:305:32
    |
305 | ...                   px(native_event.locationInWindow().x as f32),
    |                          ^^^^^^^^^^^^^^^^^^^^^^^^^^^^^^^^^

warning: use of deprecated field `cocoa::foundation::NSPoint::y`: use the objc2-foundation crate instead
   --> .deps/zed/crates/gpui_macos/src/events.rs:306:48
    |
306 | ...                   window_height - px(native_event.locationInWindow().y as f32),
    |                                          ^^^^^^^^^^^^^^^^^^^^^^^^^^^^^^^^^

warning: use of deprecated field `cocoa::foundation::NSPoint::x`: use the objc2-foundation crate instead
   --> .deps/zed/crates/gpui_macos/src/events.rs:315:28
    |
315 |                         px(native_event.locationInWindow().x as f32),
    |                            ^^^^^^^^^^^^^^^^^^^^^^^^^^^^^^^^^

warning: use of deprecated field `cocoa::foundation::NSPoint::y`: use the objc2-foundation crate instead
   --> .deps/zed/crates/gpui_macos/src/events.rs:316:44
    |
316 |                         window_height - px(native_event.locationInWindow().y as f32),
    |                                            ^^^^^^^^^^^^^^^^^^^^^^^^^^^^^^^^^

warning: use of deprecated field `cocoa::foundation::NSPoint::x`: use the objc2-foundation crate instead
   --> .deps/zed/crates/gpui_macos/src/events.rs:325:28
    |
325 |                         px(native_event.locationInWindow().x as f32),
    |                            ^^^^^^^^^^^^^^^^^^^^^^^^^^^^^^^^^

warning: use of deprecated field `cocoa::foundation::NSPoint::y`: use the objc2-foundation crate instead
   --> .deps/zed/crates/gpui_macos/src/events.rs:326:44
    |
326 |                         window_height - px(native_event.locationInWindow().y as f32),
    |                                            ^^^^^^^^^^^^^^^^^^^^^^^^^^^^^^^^^

warning: use of deprecated method `cocoa::foundation::NSFastEnumeration::iter`: use the objc2-foundation crate instead
  --> .deps/zed/crates/gpui_macos/src/pasteboard.rs:58:39
   |
58 |                 for file in filenames.iter() {
   |                                       ^^^^

warning: use of deprecated method `cocoa::foundation::NSData::bytes`: use the objc2-foundation crate instead
   --> .deps/zed/crates/gpui_macos/src/pasteboard.rs:149:28
    |
149 |             } else if data.bytes().is_null() {
    |                            ^^^^^

warning: use of deprecated method `cocoa::foundation::NSData::bytes`: use the objc2-foundation crate instead
   --> .deps/zed/crates/gpui_macos/src/pasteboard.rs:153:48
    |
153 |                     slice::from_raw_parts(data.bytes() as *mut u8, data.length() as usize).to_vec(),
    |                                                ^^^^^

warning: use of deprecated method `cocoa::foundation::NSData::length`: use the objc2-foundation crate instead
   --> .deps/zed/crates/gpui_macos/src/pasteboard.rs:153:73
    |
153 |                     slice::from_raw_parts(data.bytes() as *mut u8, data.length() as usize).to_vec(),
    |                                                                         ^^^^^^

warning: use of deprecated method `cocoa::foundation::NSAutoreleasePool::autorelease`: use the objc2-foundation crate instead
   --> .deps/zed/crates/gpui_macos/src/platform.rs:255:53
    |
255 |             let application_menu = NSMenu::new(nil).autorelease();
    |                                                     ^^^^^^^^^^^

warning: use of deprecated method `cocoa::foundation::NSAutoreleasePool::autorelease`: use the objc2-foundation crate instead
   --> .deps/zed/crates/gpui_macos/src/platform.rs:259:45
    |
259 |                 let menu = NSMenu::new(nil).autorelease();
    |                                             ^^^^^^^^^^^

warning: use of deprecated method `cocoa::foundation::NSAutoreleasePool::autorelease`: use the objc2-foundation crate instead
   --> .deps/zed/crates/gpui_macos/src/platform.rs:273:54
    |
273 |                 let menu_item = NSMenuItem::new(nil).autorelease();
    |                                                      ^^^^^^^^^^^

warning: use of deprecated method `cocoa::foundation::NSAutoreleasePool::autorelease`: use the objc2-foundation crate instead
   --> .deps/zed/crates/gpui_macos/src/platform.rs:398:34
    |
398 | ...                   .autorelease();
    |                        ^^^^^^^^^^^

warning: use of deprecated method `cocoa::foundation::NSAutoreleasePool::autorelease`: use the objc2-foundation crate instead
   --> .deps/zed/crates/gpui_macos/src/platform.rs:410:34
    |
410 | ...                   .autorelease();
    |                        ^^^^^^^^^^^

warning: use of deprecated method `cocoa::foundation::NSAutoreleasePool::autorelease`: use the objc2-foundation crate instead
   --> .deps/zed/crates/gpui_macos/src/platform.rs:419:30
    |
419 | ...                   .autorelease();
    |                        ^^^^^^^^^^^

warning: use of deprecated method `cocoa::foundation::NSAutoreleasePool::autorelease`: use the objc2-foundation crate instead
   --> .deps/zed/crates/gpui_macos/src/platform.rs:437:53
    |
437 |                     let item = NSMenuItem::new(nil).autorelease();
    |                                                     ^^^^^^^^^^^

warning: use of deprecated method `cocoa::foundation::NSAutoreleasePool::autorelease`: use the objc2-foundation crate instead
   --> .deps/zed/crates/gpui_macos/src/platform.rs:438:52
    |
438 |                     let submenu = NSMenu::new(nil).autorelease();
    |                                                    ^^^^^^^^^^^

warning: use of deprecated method `cocoa::foundation::NSAutoreleasePool::autorelease`: use the objc2-foundation crate instead
   --> .deps/zed/crates/gpui_macos/src/platform.rs:449:53
    |
449 |                     let item = NSMenuItem::new(nil).autorelease();
    |                                                     ^^^^^^^^^^^

warning: use of deprecated method `cocoa::foundation::NSAutoreleasePool::autorelease`: use the objc2-foundation crate instead
   --> .deps/zed/crates/gpui_macos/src/platform.rs:450:52
    |
450 |                     let submenu = NSMenu::new(nil).autorelease();
    |                                                    ^^^^^^^^^^^

warning: use of deprecated method `cocoa::foundation::NSProcessInfo::operatingSystemVersion`: use the objc2-foundation crate instead
   --> .deps/zed/crates/gpui_macos/src/platform.rs:471:26
    |
471 |             process_info.operatingSystemVersion()
    |                          ^^^^^^^^^^^^^^^^^^^^^^

warning: use of deprecated field `cocoa::foundation::NSOperatingSystemVersion::majorVersion`: use the objc2-foundation crate instead
   --> .deps/zed/crates/gpui_macos/src/platform.rs:474:13
    |
474 |             version.majorVersion,
    |             ^^^^^^^^^^^^^^^^^^^^

warning: use of deprecated field `cocoa::foundation::NSOperatingSystemVersion::minorVersion`: use the objc2-foundation crate instead
   --> .deps/zed/crates/gpui_macos/src/platform.rs:475:13
    |
475 |             version.minorVersion,
    |             ^^^^^^^^^^^^^^^^^^^^

warning: use of deprecated field `cocoa::foundation::NSOperatingSystemVersion::patchVersion`: use the objc2-foundation crate instead
   --> .deps/zed/crates/gpui_macos/src/platform.rs:476:13
    |
476 |             version.patchVersion,
    |             ^^^^^^^^^^^^^^^^^^^^

warning: use of deprecated method `cocoa::foundation::NSAutoreleasePool::drain`: use the objc2-foundation crate instead
   --> .deps/zed/crates/gpui_macos/src/platform.rs:516:18
    |
516 |             pool.drain();
    |                  ^^^^^

warning: use of deprecated method `cocoa::foundation::NSURL::initWithString_`: use the objc2-foundation crate instead
   --> .deps/zed/crates/gpui_macos/src/platform.rs:717:44
    |
717 |             let ns_url = NSURL::alloc(nil).initWithString_(ns_string(url));
    |                                            ^^^^^^^^^^^^^^^

warning: use of deprecated method `cocoa::foundation::NSAutoreleasePool::autorelease`: use the objc2-foundation crate instead
   --> .deps/zed/crates/gpui_macos/src/platform.rs:722:30
    |
722 |             let url = ns_url.autorelease();
    |                              ^^^^^^^^^^^

warning: use of deprecated method `cocoa::foundation::NSArray::count`: use the objc2-foundation crate instead
   --> .deps/zed/crates/gpui_macos/src/platform.rs:801:46
    |
801 | ...                   for i in 0..urls.count() {
    |                                        ^^^^^

warning: use of deprecated method `cocoa::foundation::NSArray::objectAtIndex`: use the objc2-foundation crate instead
   --> .deps/zed/crates/gpui_macos/src/platform.rs:802:48
    |
802 | ...                   let url = urls.objectAtIndex(i);
    |                                      ^^^^^^^^^^^^^

warning: use of deprecated method `cocoa::foundation::NSURL::isFileURL`: use the objc2-foundation crate instead
   --> .deps/zed/crates/gpui_macos/src/platform.rs:803:40
    |
803 | ...                   if url.isFileURL() == YES
    |                              ^^^^^^^^^

warning: use of deprecated method `cocoa::foundation::NSURL::isFileURL`: use the objc2-foundation crate instead
   --> .deps/zed/crates/gpui_macos/src/platform.rs:857:36
    |
857 | ...                   if url.isFileURL() == YES {
    |                              ^^^^^^^^^

warning: use of deprecated method `cocoa::foundation::NSString::UTF8String`: use the objc2-foundation crate instead
    --> .deps/zed/crates/gpui_macos/src/platform.rs:1255:31
     |
1255 |     let bytes = unsafe { path.UTF8String() as *const u8 };
     |                               ^^^^^^^^^^

warning: use of deprecated method `cocoa::foundation::NSArray::count`: use the objc2-foundation crate instead
    --> .deps/zed/crates/gpui_macos/src/platform.rs:1423:18
     |
1423 |         (0..urls.count())
     |                  ^^^^^

warning: use of deprecated method `cocoa::foundation::NSArray::objectAtIndex`: use the objc2-foundation crate instead
    --> .deps/zed/crates/gpui_macos/src/platform.rs:1425:32
     |
1425 |                 let url = urls.objectAtIndex(i);
     |                                ^^^^^^^^^^^^^

warning: use of deprecated method `cocoa::foundation::NSURL::absoluteString`: use the objc2-foundation crate instead
    --> .deps/zed/crates/gpui_macos/src/platform.rs:1426:42
     |
1426 |                 match CStr::from_ptr(url.absoluteString().UTF8String() as *mut c_char).to_str() {
     |                                          ^^^^^^^^^^^^^^

warning: use of deprecated method `cocoa::foundation::NSString::UTF8String`: use the objc2-foundation crate instead
    --> .deps/zed/crates/gpui_macos/src/platform.rs:1426:59
     |
1426 |                 match CStr::from_ptr(url.absoluteString().UTF8String() as *mut c_char).to_str() {
     |                                                           ^^^^^^^^^^

warning: use of deprecated method `cocoa::foundation::NSURL::absoluteString`: use the objc2-foundation crate instead
    --> .deps/zed/crates/gpui_macos/src/platform.rs:1512:28
     |
1512 |         CStr::from_ptr(url.absoluteString().UTF8String()).to_string_lossy()
     |                            ^^^^^^^^^^^^^^

warning: use of deprecated method `cocoa::foundation::NSString::UTF8String`: use the objc2-foundation crate instead
    --> .deps/zed/crates/gpui_macos/src/platform.rs:1512:45
     |
1512 |         CStr::from_ptr(url.absoluteString().UTF8String()).to_string_lossy()
     |                                             ^^^^^^^^^^

warning: use of deprecated field `cocoa::foundation::NSPoint::x`: use the objc2-foundation crate instead
   --> .deps/zed/crates/gpui_macos/src/window.rs:326:12
    |
326 |         px(position.x as f32),
    |            ^^^^^^^^^^

warning: use of deprecated field `cocoa::foundation::NSPoint::y`: use the objc2-foundation crate instead
   --> .deps/zed/crates/gpui_macos/src/window.rs:328:28
    |
328 |         window_height - px(position.y as f32),
    |                            ^^^^^^^^^^

warning: use of deprecated field `cocoa::foundation::NSRect::size`: use the objc2-foundation crate instead
   --> .deps/zed/crates/gpui_macos/src/window.rs:796:44
    |
796 |             let NSSize { width, height } = rect.size;
    |                                            ^^^^^^^^^

warning: use of deprecated field `cocoa::foundation::NSSize::width`: use the objc2-foundation crate instead
   --> .deps/zed/crates/gpui_macos/src/window.rs:796:26
    |
796 |             let NSSize { width, height } = rect.size;
    |                          ^^^^^

warning: use of deprecated field `cocoa::foundation::NSSize::height`: use the objc2-foundation crate instead
   --> .deps/zed/crates/gpui_macos/src/window.rs:796:33
    |
796 |             let NSSize { width, height } = rect.size;
    |                                 ^^^^^^

warning: use of deprecated field `cocoa::foundation::NSRect::origin`: use the objc2-foundation crate instead
   --> .deps/zed/crates/gpui_macos/src/window.rs:850:9
    |
850 |         window_frame.origin.y =
    |         ^^^^^^^^^^^^^^^^^^^

warning: use of deprecated field `cocoa::foundation::NSPoint::y`: use the objc2-foundation crate instead
   --> .deps/zed/crates/gpui_macos/src/window.rs:850:9
    |
850 |         window_frame.origin.y =
    |         ^^^^^^^^^^^^^^^^^^^^^

warning: use of deprecated field `cocoa::foundation::NSRect::size`: use the objc2-foundation crate instead
   --> .deps/zed/crates/gpui_macos/src/window.rs:851:13
    |
851 |             screen_frame.size.height - window_frame.origin.y - window_frame.size.height;
    |             ^^^^^^^^^^^^^^^^^

warning: use of deprecated field `cocoa::foundation::NSSize::height`: use the objc2-foundation crate instead
   --> .deps/zed/crates/gpui_macos/src/window.rs:851:13
    |
851 |             screen_frame.size.height - window_frame.origin.y - window_frame.size.height;
    |             ^^^^^^^^^^^^^^^^^^^^^^^^

warning: use of deprecated field `cocoa::foundation::NSRect::origin`: use the objc2-foundation crate instead
   --> .deps/zed/crates/gpui_macos/src/window.rs:851:40
    |
851 |             screen_frame.size.height - window_frame.origin.y - window_frame.size.height;
    |                                        ^^^^^^^^^^^^^^^^^^^

warning: use of deprecated field `cocoa::foundation::NSPoint::y`: use the objc2-foundation crate instead
   --> .deps/zed/crates/gpui_macos/src/window.rs:851:40
    |
851 |             screen_frame.size.height - window_frame.origin.y - window_frame.size.height;
    |                                        ^^^^^^^^^^^^^^^^^^^^^

warning: use of deprecated field `cocoa::foundation::NSRect::size`: use the objc2-foundation crate instead
   --> .deps/zed/crates/gpui_macos/src/window.rs:851:64
    |
851 |             screen_frame.size.height - window_frame.origin.y - window_frame.size.height;
    |                                                                ^^^^^^^^^^^^^^^^^

warning: use of deprecated field `cocoa::foundation::NSSize::height`: use the objc2-foundation crate instead
   --> .deps/zed/crates/gpui_macos/src/window.rs:851:64
    |
851 |             screen_frame.size.height - window_frame.origin.y - window_frame.size.height;
    |                                                                ^^^^^^^^^^^^^^^^^^^^^^^^

warning: use of deprecated field `cocoa::foundation::NSRect::origin`: use the objc2-foundation crate instead
   --> .deps/zed/crates/gpui_macos/src/window.rs:855:21
    |
855 |                 px((window_frame.origin.x - screen_frame.origin.x) as f32),
    |                     ^^^^^^^^^^^^^^^^^^^

warning: use of deprecated field `cocoa::foundation::NSPoint::x`: use the objc2-foundation crate instead
   --> .deps/zed/crates/gpui_macos/src/window.rs:855:21
    |
855 |                 px((window_frame.origin.x - screen_frame.origin.x) as f32),
    |                     ^^^^^^^^^^^^^^^^^^^^^

warning: use of deprecated field `cocoa::foundation::NSRect::origin`: use the objc2-foundation crate instead
   --> .deps/zed/crates/gpui_macos/src/window.rs:855:45
    |
855 |                 px((window_frame.origin.x - screen_frame.origin.x) as f32),
    |                                             ^^^^^^^^^^^^^^^^^^^

warning: use of deprecated field `cocoa::foundation::NSPoint::x`: use the objc2-foundation crate instead
   --> .deps/zed/crates/gpui_macos/src/window.rs:855:45
    |
855 |                 px((window_frame.origin.x - screen_frame.origin.x) as f32),
    |                                             ^^^^^^^^^^^^^^^^^^^^^

warning: use of deprecated field `cocoa::foundation::NSRect::origin`: use the objc2-foundation crate instead
   --> .deps/zed/crates/gpui_macos/src/window.rs:856:21
    |
856 |                 px((window_frame.origin.y + screen_frame.origin.y) as f32),
    |                     ^^^^^^^^^^^^^^^^^^^

warning: use of deprecated field `cocoa::foundation::NSPoint::y`: use the objc2-foundation crate instead
   --> .deps/zed/crates/gpui_macos/src/window.rs:856:21
    |
856 |                 px((window_frame.origin.y + screen_frame.origin.y) as f32),
    |                     ^^^^^^^^^^^^^^^^^^^^^

warning: use of deprecated field `cocoa::foundation::NSRect::origin`: use the objc2-foundation crate instead
   --> .deps/zed/crates/gpui_macos/src/window.rs:856:45
    |
856 |                 px((window_frame.origin.y + screen_frame.origin.y) as f32),
    |                                             ^^^^^^^^^^^^^^^^^^^

warning: use of deprecated field `cocoa::foundation::NSPoint::y`: use the objc2-foundation crate instead
   --> .deps/zed/crates/gpui_macos/src/window.rs:856:45
    |
856 |                 px((window_frame.origin.y + screen_frame.origin.y) as f32),
    |                                             ^^^^^^^^^^^^^^^^^^^^^

warning: use of deprecated field `cocoa::foundation::NSRect::size`: use the objc2-foundation crate instead
   --> .deps/zed/crates/gpui_macos/src/window.rs:859:20
    |
859 |                 px(window_frame.size.width as f32),
    |                    ^^^^^^^^^^^^^^^^^

warning: use of deprecated field `cocoa::foundation::NSSize::width`: use the objc2-foundation crate instead
   --> .deps/zed/crates/gpui_macos/src/window.rs:859:20
    |
859 |                 px(window_frame.size.width as f32),
    |                    ^^^^^^^^^^^^^^^^^^^^^^^

warning: use of deprecated field `cocoa::foundation::NSRect::size`: use the objc2-foundation crate instead
   --> .deps/zed/crates/gpui_macos/src/window.rs:860:20
    |
860 |                 px(window_frame.size.height as f32),
    |                    ^^^^^^^^^^^^^^^^^

warning: use of deprecated field `cocoa::foundation::NSSize::height`: use the objc2-foundation crate instead
   --> .deps/zed/crates/gpui_macos/src/window.rs:860:20
    |
860 |                 px(window_frame.size.height as f32),
    |                    ^^^^^^^^^^^^^^^^^^^^^^^^

warning: use of deprecated field `cocoa::foundation::NSRect::size`: use the objc2-foundation crate instead
   --> .deps/zed/crates/gpui_macos/src/window.rs:867:13
    |
867 |             unsafe { NSView::frame(self.native_window.contentView()) }.size;
    |             ^^^^^^^^^^^^^^^^^^^^^^^^^^^^^^^^^^^^^^^^^^^^^^^^^^^^^^^^^^^^^^^

warning: use of deprecated field `cocoa::foundation::NSSize::width`: use the objc2-foundation crate instead
   --> .deps/zed/crates/gpui_macos/src/window.rs:866:22
    |
866 |         let NSSize { width, height, .. } =
    |                      ^^^^^

warning: use of deprecated field `cocoa::foundation::NSSize::height`: use the objc2-foundation crate instead
   --> .deps/zed/crates/gpui_macos/src/window.rs:866:29
    |
866 |         let NSSize { width, height, .. } =
    |                             ^^^^^^

warning: use of deprecated associated function `cocoa::foundation::NSRect::new`: use the objc2-foundation crate instead
   --> .deps/zed/crates/gpui_macos/src/window.rs:987:39
    |
987 |             let window_rect = NSRect::new(
    |                                       ^^^

warning: use of deprecated associated function `cocoa::foundation::NSPoint::new`: use the objc2-foundation crate instead
   --> .deps/zed/crates/gpui_macos/src/window.rs:988:26
    |
988 |                 NSPoint::new(
    |                          ^^^

warning: use of deprecated field `cocoa::foundation::NSRect::origin`: use the objc2-foundation crate instead
   --> .deps/zed/crates/gpui_macos/src/window.rs:989:21
    |
989 |                     screen_frame.origin.x + bounds.origin.x.as_f32() as f64,
    |                     ^^^^^^^^^^^^^^^^^^^

warning: use of deprecated field `cocoa::foundation::NSPoint::x`: use the objc2-foundation crate instead
   --> .deps/zed/crates/gpui_macos/src/window.rs:989:21
    |
989 |                     screen_frame.origin.x + bounds.origin.x.as_f32() as f64,
    |                     ^^^^^^^^^^^^^^^^^^^^^

warning: use of deprecated field `cocoa::foundation::NSRect::origin`: use the objc2-foundation crate instead
   --> .deps/zed/crates/gpui_macos/src/window.rs:990:21
    |
990 |                     screen_frame.origin.y
    |                     ^^^^^^^^^^^^^^^^^^^

warning: use of deprecated field `cocoa::foundation::NSPoint::y`: use the objc2-foundation crate instead
   --> .deps/zed/crates/gpui_macos/src/window.rs:990:21
    |
990 |                     screen_frame.origin.y
    |                     ^^^^^^^^^^^^^^^^^^^^^

warning: use of deprecated associated function `cocoa::foundation::NSSize::new`: use the objc2-foundation crate instead
   --> .deps/zed/crates/gpui_macos/src/window.rs:993:25
    |
993 |                 NSSize::new(
    |                         ^^^

warning: use of deprecated field `cocoa::foundation::NSSize::width`: use the objc2-foundation crate instead
    --> .deps/zed/crates/gpui_macos/src/window.rs:1101:21
     |
1101 |                     width: window_min_size.width.to_f64(),
     |                     ^^^^^^^^^^^^^^^^^^^^^^^^^^^^^^^^^^^^^

warning: use of deprecated field `cocoa::foundation::NSSize::height`: use the objc2-foundation crate instead
    --> .deps/zed/crates/gpui_macos/src/window.rs:1102:21
     |
1102 |                     height: window_min_size.height.to_f64(),
     |                     ^^^^^^^^^^^^^^^^^^^^^^^^^^^^^^^^^^^^^^^

warning: use of deprecated method `cocoa::foundation::NSAutoreleasePool::autorelease`: use the objc2-foundation crate instead
    --> .deps/zed/crates/gpui_macos/src/window.rs:1125:50
     |
1125 |             content_view.addSubview_(native_view.autorelease());
     |                                                  ^^^^^^^^^^^

warning: use of deprecated associated function `cocoa::foundation::NSRect::new`: use the objc2-foundation crate instead
    --> .deps/zed/crates/gpui_macos/src/window.rs:1158:47
     |
1158 |                         initWithRect: NSRect::new(NSPoint::new(0., 0.), NSSize::new(0., 0.))
     |                                               ^^^

warning: use of deprecated associated function `cocoa::foundation::NSPoint::new`: use the objc2-foundation crate instead
    --> .deps/zed/crates/gpui_macos/src/window.rs:1158:60
     |
1158 |                         initWithRect: NSRect::new(NSPoint::new(0., 0.), NSSize::new(0., 0.))
     |                                                            ^^^

warning: use of deprecated associated function `cocoa::foundation::NSSize::new`: use the objc2-foundation crate instead
    --> .deps/zed/crates/gpui_macos/src/window.rs:1158:81
     |
1158 |                         initWithRect: NSRect::new(NSPoint::new(0., 0.), NSSize::new(0., 0.))
     |                                                                                 ^^^

warning: use of deprecated method `cocoa::foundation::NSAutoreleasePool::autorelease`: use the objc2-foundation crate instead
    --> .deps/zed/crates/gpui_macos/src/window.rs:1164:79
     |
1164 |                         msg_send![native_view, addTrackingArea: tracking_area.autorelease()];
     |                                                                               ^^^^^^^^^^^

warning: use of deprecated field `cocoa::foundation::NSRect::origin`: use the objc2-foundation crate instead
    --> .deps/zed/crates/gpui_macos/src/window.rs:1233:60
     |
1233 |             NSWindow::setFrameTopLeftPoint_(native_window, window_rect.origin);
     |                                                            ^^^^^^^^^^^^^^^^^^

warning: use of deprecated method `cocoa::foundation::NSAutoreleasePool::drain`: use the objc2-foundation crate instead
    --> .deps/zed/crates/gpui_macos/src/window.rs:1240:18
     |
1240 |             pool.drain();
     |                  ^^^^^

warning: use of deprecated method `cocoa::foundation::NSAutoreleasePool::autorelease`: use the objc2-foundation crate instead
    --> .deps/zed/crates/gpui_macos/src/window.rs:1328:28
     |
1328 |                     window.autorelease();
     |                            ^^^^^^^^^^^

warning: use of deprecated field `cocoa::foundation::NSSize::width`: use the objc2-foundation crate instead
    --> .deps/zed/crates/gpui_macos/src/window.rs:1640:25
     |
1640 |                         width: size.width.as_f32() as f64,
     |                         ^^^^^^^^^^^^^^^^^^^^^^^^^^^^^^^^^

warning: use of deprecated field `cocoa::foundation::NSSize::height`: use the objc2-foundation crate instead
    --> .deps/zed/crates/gpui_macos/src/window.rs:1641:25
     |
1641 |                         height: size.height.as_f32() as f64,
     |                         ^^^^^^^^^^^^^^^^^^^^^^^^^^^^^^^^^^^

warning: use of deprecated method `cocoa::foundation::NSAutoreleasePool::autorelease`: use the objc2-foundation crate instead
    --> .deps/zed/crates/gpui_macos/src/window.rs:1970:52
     |
1970 |                 this.blurred_view = Some(blur_view.autorelease());
     |                                                    ^^^^^^^^^^^

warning: use of deprecated associated function `cocoa::foundation::NSRect::new`: use the objc2-foundation crate instead
    --> .deps/zed/crates/gpui_macos/src/window.rs:2373:33
     |
2373 |             let frame = NSRect::new(
     |                                 ^^^

warning: use of deprecated associated function `cocoa::foundation::NSPoint::new`: use the objc2-foundation crate instead
    --> .deps/zed/crates/gpui_macos/src/window.rs:2374:26
     |
2374 |                 NSPoint::new(location.x - 16., location.y - 16.),
     |                          ^^^

warning: use of deprecated field `cocoa::foundation::NSPoint::x`: use the objc2-foundation crate instead
    --> .deps/zed/crates/gpui_macos/src/window.rs:2374:30
     |
2374 |                 NSPoint::new(location.x - 16., location.y - 16.),
     |                              ^^^^^^^^^^

warning: use of deprecated field `cocoa::foundation::NSPoint::y`: use the objc2-foundation crate instead
    --> .deps/zed/crates/gpui_macos/src/window.rs:2374:48
     |
2374 |                 NSPoint::new(location.x - 16., location.y - 16.),
     |                                                ^^^^^^^^^^

warning: use of deprecated associated function `cocoa::foundation::NSSize::new`: use the objc2-foundation crate instead
    --> .deps/zed/crates/gpui_macos/src/window.rs:2375:25
     |
2375 |                 NSSize::new(32., 32.),
     |                         ^^^

warning: use of deprecated associated function `cocoa::foundation::NSRect::new`: use the objc2-foundation crate instead
    --> .deps/zed/crates/gpui_macos/src/window.rs:2429:43
     |
2429 |                         setFrame: NSRect::new(NSPoint::new(0., 0.), NSSize::new(32., 32.))
     |                                           ^^^

warning: use of deprecated associated function `cocoa::foundation::NSPoint::new`: use the objc2-foundation crate instead
    --> .deps/zed/crates/gpui_macos/src/window.rs:2429:56
     |
2429 |                         setFrame: NSRect::new(NSPoint::new(0., 0.), NSSize::new(32., 32.))
     |                                                        ^^^

warning: use of deprecated associated function `cocoa::foundation::NSSize::new`: use the objc2-foundation crate instead
    --> .deps/zed/crates/gpui_macos/src/window.rs:2429:77
     |
2429 |                         setFrame: NSRect::new(NSPoint::new(0., 0.), NSSize::new(32., 32.))
     |                                                                             ^^^

warning: use of deprecated associated function `cocoa::foundation::NSOperatingSystemVersion::new`: use the objc2-foundation crate instead
    --> .deps/zed/crates/gpui_macos/src/window.rs:3071:49
     |
3071 |     let min_version = NSOperatingSystemVersion::new(15, 3, 0);
     |                                                 ^^^

warning: use of deprecated associated function `cocoa::foundation::NSOperatingSystemVersion::new`: use the objc2-foundation crate instead
    --> .deps/zed/crates/gpui_macos/src/window.rs:3084:49
     |
3084 |     let min_version = NSOperatingSystemVersion::new(15, 3, 0);
     |                                                 ^^^

warning: use of deprecated method `cocoa::foundation::NSProcessInfo::isOperatingSystemAtLeastVersion`: use the objc2-foundation crate instead
    --> .deps/zed/crates/gpui_macos/src/window.rs:3101:46
     |
3101 |     unsafe { NSProcessInfo::processInfo(nil).isOperatingSystemAtLeastVersion(version) }
     |                                              ^^^^^^^^^^^^^^^^^^^^^^^^^^^^^^^

warning: use of deprecated field `cocoa::foundation::NSRect::size`: use the objc2-foundation crate instead
    --> .deps/zed/crates/gpui_macos/src/window.rs:3296:17
     |
3296 |         convert(old_frame.size)
     |                 ^^^^^^^^^^^^^^

warning: use of deprecated field `cocoa::foundation::NSSize::width`: use the objc2-foundation crate instead
    --> .deps/zed/crates/gpui_macos/src/window.rs:3285:23
     |
3285 |             width: px(value.width as f32),
     |                       ^^^^^^^^^^^

warning: use of deprecated field `cocoa::foundation::NSSize::height`: use the objc2-foundation crate instead
    --> .deps/zed/crates/gpui_macos/src/window.rs:3286:24
     |
3286 |             height: px(value.height as f32),
     |                        ^^^^^^^^^^^^

warning: use of deprecated associated function `cocoa::foundation::NSRect::new`: use the objc2-foundation crate instead
    --> .deps/zed/crates/gpui_macos/src/window.rs:3396:17
     |
3396 |         NSRect::new(NSPoint::new(0., 0.), NSSize::new(0., 0.)),
     |                 ^^^

warning: use of deprecated associated function `cocoa::foundation::NSPoint::new`: use the objc2-foundation crate instead
    --> .deps/zed/crates/gpui_macos/src/window.rs:3396:30
     |
3396 |         NSRect::new(NSPoint::new(0., 0.), NSSize::new(0., 0.)),
     |                              ^^^

warning: use of deprecated associated function `cocoa::foundation::NSSize::new`: use the objc2-foundation crate instead
    --> .deps/zed/crates/gpui_macos/src/window.rs:3396:51
     |
3396 |         NSRect::new(NSPoint::new(0., 0.), NSSize::new(0., 0.)),
     |                                                   ^^^

warning: use of deprecated associated function `cocoa::foundation::NSRect::new`: use the objc2-foundation crate instead
    --> .deps/zed/crates/gpui_macos/src/window.rs:3398:21
     |
3398 |             NSRect::new(
     |                     ^^^

warning: use of deprecated associated function `cocoa::foundation::NSPoint::new`: use the objc2-foundation crate instead
    --> .deps/zed/crates/gpui_macos/src/window.rs:3399:26
     |
3399 |                 NSPoint::new(
     |                          ^^^

warning: use of deprecated field `cocoa::foundation::NSRect::origin`: use the objc2-foundation crate instead
    --> .deps/zed/crates/gpui_macos/src/window.rs:3400:21
     |
3400 |                     frame.origin.x + bounds.origin.x.as_f32() as f64,
     |                     ^^^^^^^^^^^^

warning: use of deprecated field `cocoa::foundation::NSPoint::x`: use the objc2-foundation crate instead
    --> .deps/zed/crates/gpui_macos/src/window.rs:3400:21
     |
3400 |                     frame.origin.x + bounds.origin.x.as_f32() as f64,
     |                     ^^^^^^^^^^^^^^

warning: use of deprecated field `cocoa::foundation::NSRect::origin`: use the objc2-foundation crate instead
    --> .deps/zed/crates/gpui_macos/src/window.rs:3401:21
     |
3401 |                     frame.origin.y + frame.size.height
     |                     ^^^^^^^^^^^^

warning: use of deprecated field `cocoa::foundation::NSPoint::y`: use the objc2-foundation crate instead
    --> .deps/zed/crates/gpui_macos/src/window.rs:3401:21
     |
3401 |                     frame.origin.y + frame.size.height
     |                     ^^^^^^^^^^^^^^

warning: use of deprecated field `cocoa::foundation::NSRect::size`: use the objc2-foundation crate instead
    --> .deps/zed/crates/gpui_macos/src/window.rs:3401:38
     |
3401 |                     frame.origin.y + frame.size.height
     |                                      ^^^^^^^^^^

warning: use of deprecated field `cocoa::foundation::NSSize::height`: use the objc2-foundation crate instead
    --> .deps/zed/crates/gpui_macos/src/window.rs:3401:38
     |
3401 |                     frame.origin.y + frame.size.height
     |                                      ^^^^^^^^^^^^^^^^^

warning: use of deprecated associated function `cocoa::foundation::NSSize::new`: use the objc2-foundation crate instead
    --> .deps/zed/crates/gpui_macos/src/window.rs:3405:25
     |
3405 |                 NSSize::new(
     |                         ^^^

warning: use of deprecated field `cocoa::foundation::NSRect::origin`: use the objc2-foundation crate instead
    --> .deps/zed/crates/gpui_macos/src/window.rs:3422:13
     |
3422 |             frame.origin.y -= frame.size.height - content_layout_rect.size.height;
     |             ^^^^^^^^^^^^

warning: use of deprecated field `cocoa::foundation::NSPoint::y`: use the objc2-foundation crate instead
    --> .deps/zed/crates/gpui_macos/src/window.rs:3422:13
     |
3422 |             frame.origin.y -= frame.size.height - content_layout_rect.size.height;
     |             ^^^^^^^^^^^^^^

warning: use of deprecated field `cocoa::foundation::NSRect::size`: use the objc2-foundation crate instead
    --> .deps/zed/crates/gpui_macos/src/window.rs:3422:31
     |
3422 |             frame.origin.y -= frame.size.height - content_layout_rect.size.height;
     |                               ^^^^^^^^^^

warning: use of deprecated field `cocoa::foundation::NSSize::height`: use the objc2-foundation crate instead
    --> .deps/zed/crates/gpui_macos/src/window.rs:3422:31
     |
3422 |             frame.origin.y -= frame.size.height - content_layout_rect.size.height;
     |                               ^^^^^^^^^^^^^^^^^

warning: use of deprecated associated function `cocoa::foundation::NSRect::new`: use the objc2-foundation crate instead
    --> .deps/zed/crates/gpui_macos/src/window.rs:3558:29
     |
3558 |     let zero_rect = NSRect::new(NSPoint::new(0., 0.), NSSize::new(0., 0.));
     |                             ^^^

warning: use of deprecated associated function `cocoa::foundation::NSPoint::new`: use the objc2-foundation crate instead
    --> .deps/zed/crates/gpui_macos/src/window.rs:3558:42
     |
3558 |     let zero_rect = NSRect::new(NSPoint::new(0., 0.), NSSize::new(0., 0.));
     |                                          ^^^

warning: use of deprecated associated function `cocoa::foundation::NSSize::new`: use the objc2-foundation crate instead
    --> .deps/zed/crates/gpui_macos/src/window.rs:3558:63
     |
3558 |     let zero_rect = NSRect::new(NSPoint::new(0., 0.), NSSize::new(0., 0.));
     |                                                               ^^^

warning: use of deprecated field `cocoa::foundation::NSPoint::x`: use the objc2-foundation crate instead
    --> .deps/zed/crates/gpui_macos/src/window.rs:3580:20
     |
3580 |     let window_x = position.x - frame.origin.x;
     |                    ^^^^^^^^^^

warning: use of deprecated field `cocoa::foundation::NSRect::origin`: use the objc2-foundation crate instead
    --> .deps/zed/crates/gpui_macos/src/window.rs:3580:33
     |
3580 |     let window_x = position.x - frame.origin.x;
     |                                 ^^^^^^^^^^^^

warning: use of deprecated field `cocoa::foundation::NSPoint::x`: use the objc2-foundation crate instead
    --> .deps/zed/crates/gpui_macos/src/window.rs:3580:33
     |
3580 |     let window_x = position.x - frame.origin.x;
     |                                 ^^^^^^^^^^^^^^

warning: use of deprecated field `cocoa::foundation::NSRect::size`: use the objc2-foundation crate instead
    --> .deps/zed/crates/gpui_macos/src/window.rs:3581:20
     |
3581 |     let window_y = frame.size.height - (position.y - frame.origin.y);
     |                    ^^^^^^^^^^

warning: use of deprecated field `cocoa::foundation::NSSize::height`: use the objc2-foundation crate instead
    --> .deps/zed/crates/gpui_macos/src/window.rs:3581:20
     |
3581 |     let window_y = frame.size.height - (position.y - frame.origin.y);
     |                    ^^^^^^^^^^^^^^^^^

warning: use of deprecated field `cocoa::foundation::NSPoint::y`: use the objc2-foundation crate instead
    --> .deps/zed/crates/gpui_macos/src/window.rs:3581:41
     |
3581 |     let window_y = frame.size.height - (position.y - frame.origin.y);
     |                                         ^^^^^^^^^^

warning: use of deprecated field `cocoa::foundation::NSRect::origin`: use the objc2-foundation crate instead
    --> .deps/zed/crates/gpui_macos/src/window.rs:3581:54
     |
3581 |     let window_y = frame.size.height - (position.y - frame.origin.y);
     |                                                      ^^^^^^^^^^^^

warning: use of deprecated field `cocoa::foundation::NSPoint::y`: use the objc2-foundation crate instead
    --> .deps/zed/crates/gpui_macos/src/window.rs:3581:54
     |
3581 |     let window_y = frame.size.height - (position.y - frame.origin.y);
     |                                                      ^^^^^^^^^^^^^^

warning: use of deprecated method `cocoa::foundation::NSFastEnumeration::iter`: use the objc2-foundation crate instead
    --> .deps/zed/crates/gpui_macos/src/window.rs:3640:36
     |
3640 |     for file in unsafe { filenames.iter() } {
     |                                    ^^^^

warning: use of deprecated method `cocoa::foundation::NSDictionary::objectForKey_`: use the objc2-foundation crate instead
    --> .deps/zed/crates/gpui_macos/src/window.rs:3772:48
     |
3772 |         let screen_number = device_description.objectForKey_(screen_number_key);
     |                                                ^^^^^^^^^^^^^

warning: use of deprecated method `cocoa::foundation::NSString::isEqualToString`: use the objc2-foundation crate instead
    --> .deps/zed/crates/gpui_macos/src/window.rs:3804:23
     |
3804 |         if class_name.isEqualToString("CAChameleonLayer") {
     |                       ^^^^^^^^^^^^^^^

warning: use of deprecated method `cocoa::foundation::NSArray::objectAtIndex`: use the objc2-foundation crate instead
    --> .deps/zed/crates/gpui_macos/src/window.rs:3820:57
     |
3820 |                 let description: id = msg_send![filters.objectAtIndex(i), description];
     |                                                         ^^^^^^^^^^^^^

warning: use of deprecated method `cocoa::foundation::NSArray::objectAtIndex`: use the objc2-foundation crate instead
    --> .deps/zed/crates/gpui_macos/src/window.rs:3843:42
     |
3843 |                 let sublayer = sublayers.objectAtIndex(i);
     |                                          ^^^^^^^^^^^^^

warning: use of deprecated field `cocoa::foundation::NSRect::size`: use the objc2-foundation crate instead
    --> .deps/zed/crates/gpui_macos/src/window.rs:3858:9
     |
3858 |         frame.size.height = 0.0;
     |         ^^^^^^^^^^

warning: use of deprecated field `cocoa::foundation::NSSize::height`: use the objc2-foundation crate instead
    --> .deps/zed/crates/gpui_macos/src/window.rs:3858:9
     |
3858 |         frame.size.height = 0.0;
     |         ^^^^^^^^^^^^^^^^^

warning: use of deprecated method `cocoa::foundation::NSString::UTF8String`: use the objc2-foundation crate instead
  --> .deps/zed/crates/gpui_macos/src/window_appearance.rs:24:37
   |
24 |                 CStr::from_ptr(name.UTF8String())
   |                                     ^^^^^^^^^^

warning: use of deprecated method `cocoa::foundation::NSString::UTF8String`: use the objc2-foundation crate instead
  --> .deps/zed/crates/gpui_macos/src/gpui_macos.rs:77:29
   |
77 |             let cstr = self.UTF8String();
   |                             ^^^^^^^^^^

warning: use of deprecated method `cocoa::foundation::NSString::init_str`: use the objc2-foundation crate instead
   --> .deps/zed/crates/gpui_macos/src/gpui_macos.rs:140:35
    |
140 |     unsafe { NSString::alloc(nil).init_str(string).autorelease() }
    |                                   ^^^^^^^^

warning: use of deprecated method `cocoa::foundation::NSAutoreleasePool::autorelease`: use the objc2-foundation crate instead
   --> .deps/zed/crates/gpui_macos/src/gpui_macos.rs:140:52
    |
140 |     unsafe { NSString::alloc(nil).init_str(string).autorelease() }
    |                                                    ^^^^^^^^^^^

warning: `gpui_macos` (lib) generated 707 warnings
   Compiling course2md v2.0.0-alpha.1 (/Users/aac6fef/Developer/course2md)
   Compiling course2md-desktop v2.0.0-alpha.1 (/Users/aac6fef/Developer/course2md/desktop)
warning: struct `MemoryCredentialVault` is never constructed
  --> src/credentials.rs:60:12
   |
60 | pub struct MemoryCredentialVault {
   |            ^^^^^^^^^^^^^^^^^^^^^
   |
   = note: `#[warn(dead_code)]` (part of `#[warn(unused)]`) on by default

warning: associated function `new` is never used
  --> src/credentials.rs:65:12
   |
64 | impl MemoryCredentialVault {
   | -------------------------- associated function in this implementation
65 |     pub fn new() -> Self {
   |            ^^^

warning: method `key` is never used
   --> src/model_discovery.rs:127:12
    |
114 | impl Request {
    | ------------ method in this implementation
...
127 |     pub fn key(&self) -> &RequestKey {
    |            ^^^

warning: fields `has_markdown` and `outputs` are never read
   --> src/notes.rs:429:9
    |
425 | pub struct Preview {
    |            ------- fields in this struct
...
429 |     pub has_markdown: bool,
    |         ^^^^^^^^^^^^
430 |     pub outputs: Vec<String>,
    |         ^^^^^^^
    |
    = note: `Preview` has a derived impl for the trait `Clone`, but this is intentionally ignored during dead code analysis

warning: function `title_alias` is never used
   --> src/organize.rs:139:8
    |
139 | pub fn title_alias(root: &Path, course: &Path) -> Result<Option<String>> {
    |        ^^^^^^^^^^^

warning: method `folder` is never used
   --> src/organize.rs:225:12
    |
170 | impl Library {
    | ------------ method in this implementation
...
225 |     pub fn folder(&self, root: &Path, course: &Path) -> Option<u64> {
    |            ^^^^^^

warning: method `description` is never used
   --> src/palettes.rs:143:12
    |
127 | impl PaletteId {
    | -------------- method in this implementation
...
143 |     pub fn description(self) -> &'static str {
    |            ^^^^^^^^^^^

warning: method `record_draft_test` is never used
    --> src/preferences.rs:1210:12
     |
 680 | impl Store {
     | ---------- method in this implementation
...
1210 |     pub fn record_draft_test(
     |            ^^^^^^^^^^^^^^^^^

warning: function `settings_tab_position` is never used
   --> src/settings_ui.rs:433:4
    |
433 | fn settings_tab_position(index: usize) -> usize {
    |    ^^^^^^^^^^^^^^^^^^^^^

warning: method `choose_preferred_subtitle_languages` is never used
    --> src/settings_ui.rs:3233:19
     |
 468 | impl Desktop {
     | ------------ method in this implementation
...
3233 |     pub(crate) fn choose_preferred_subtitle_languages(
     |                   ^^^^^^^^^^^^^^^^^^^^^^^^^^^^^^^^^^^

warning: function `inspect` is never used
   --> src/source.rs:353:8
    |
353 | pub fn inspect(input: String, online: bool, cancel: Arc<AtomicBool>) -> Result<Source> {
    |        ^^^^^^^

warning: function `attach_subtitle` is never used
   --> src/source.rs:879:8
    |
879 | pub fn attach_subtitle(
    |        ^^^^^^^^^^^^^^^

warning: function `library_access` is never used
   --> src/storage.rs:126:8
    |
126 | pub fn library_access(roots: impl IntoIterator<Item = PathBuf>) -> LibraryAccess {
    |        ^^^^^^^^^^^^^^

warning: method `accept_source` is never used
   --> src/workspace.rs:128:12
    |
 88 | impl Draft {
    | ---------- method in this implementation
...
128 |     pub fn accept_source(&mut self, revision: u64, source: crate::source::Source) -> bool {
    |            ^^^^^^^^^^^^^

warning: `course2md-desktop` (bin "course2md-desktop") generated 14 warnings
    Finished `release` profile [optimized] target(s) in 49.57s
warning: the following packages contain code that will be rejected by a future version of Rust: block v0.1.6
note: to see what the problems were, use the option `--future-incompat-report`, or run `cargo report future-incompatibilities --id 1`
